date,power,longitude,latitude,place
8/29/2018 5:01,2.5,37,129.32,경북 울진군 서쪽 7km 지역
8/24/2018 21:28,2.1,34.33,127.42,전남 고흥군 남남동쪽 34km 해역
8/24/2018 2:57,2.6,37.92,125.68,북한 황해남도 해주 남남서쪽 14km 지역
8/15/2018 3:01,2.7,37.3,130.92,경북 울릉군 울릉도 남쪽 21km 해역
8/10/2018 21:41,2.4,33.21,127.53,제주 서귀포시 동쪽 90km 해역
8/9/2018 0:23,2.1,37.03,125.27,충남 태안군 서격렬비도 북북서쪽 53km 해역
8/9/2018 0:21,2.1,37.03,125.3,충남 태안군 서격렬비도 북북서쪽 51km 해역
7/22/2018 13:59,2.6,33.43,125.93,제주 제주시 서쪽 56km 해역
7/21/2018 23:30,2.2,34.47,127.25,전남 고흥군 남남서쪽 16km 해역
7/20/2018 12:29,2.3,35.84,129.79,경북 포항시 남구 동남동쪽 43km 해역
7/20/2018 12:14,2.4,36.01,126.16,전북 군산시 어청도 남동쪽 21km 해역
7/19/2018 5:52,2.5,35.83,129.8,경북 포항시 남구 동남동쪽 44km 해역
7/17/2018 20:19,2.7,35.91,127.81,전북 무주군 남동쪽 17km 지역
7/4/2018 4:39,2.1,37.3,127.7,경기 여주시 동쪽 6km 지역
7/1/2018 15:33,2.2,37.63,129.48,강원 삼척시 북동쪽 34km 해역
6/28/2018 21:03,2.2,36.99,125.25,충남 태안군 서격렬비도 북북서쪽 50km 해역
6/28/2018 18:43,2.7,38.18,127.34,강원 철원군 북북동쪽 4km 지역
6/20/2018 23:06,2.1,34.9,124.81,전남 신안군 흑산면 서북서쪽 66km 해역
6/16/2018 21:05,2.3,37.19,129.08,강원 삼척시 남남서쪽 30km 지역
6/15/2018 11:10,2.1,36.39,128.49,경북 의성군 서북서쪽 19km 지역
6/9/2018 17:38,2.3,35.87,129.73,경북 포항시 남구 동남동쪽 37km 해역
5/31/2018 16:38,2.8,38.53,127.68,북한 강원 회양 남남동쪽 21km 지역
5/31/2018 0:13,2.6,36.22,129.38,경북 포항시 북구 북쪽 20km 지역
5/22/2018 0:12,2.2,36.37,129.49,경북 영덕군 동남동쪽 12km 해역
5/20/2018 13:58,2,34.16,125.61,전남 신안군 흑산면 남남동쪽 56km 해역
5/14/2018 2:07,2.5,33.62,125.58,제주 제주시 고산 서북서쪽 65km 해역
5/7/2018 1:52,2,36.72,128.37,경북 예천군 북서쪽 10km 지역
5/4/2018 19:20,2,36.1,127.7,충북 영동군 남서쪽 11km 지역
5/2/2018 12:34,2.5,36.56,127.64,충북 보은군 북서쪽 11km 지역
5/1/2018 19:09,2,35.77,129.2,경북 경주시 남쪽 8km 지역
4/24/2018 5:20,2.5,37.06,125.92,인천 옹진군 덕적도 남서쪽 27km 해역
4/23/2018 13:10,2.4,33.21,126.4,제주 서귀포시 서남서쪽 16km 해역
4/23/2018 4:31,2.3,41.35,129.12,북한 함경북도 길주 북북서쪽 47km 지역
4/9/2018 12:15,2.4,35.76,129.19,경북 경주시 남남서쪽 8km 지역
4/6/2018 21:09,2.6,36.08,129.82,경북 포항시 북구 동쪽 41km 해역
3/31/2018 0:20,2,36.1,129.36,경북 포항시 북구 북쪽 7km 지역
3/26/2018 9:40,2.7,37.78,124.83,인천 백령도 남동쪽 24km 해역
3/16/2018 18:02,2.7,36.1,129.35,경북 포항시 북구 북북서쪽 7km 지역
3/16/2018 0:23,2,36.98,128.42,충북 단양군 동남동쪽 5km 지역
3/10/2018 1:31,2.8,36.14,129.37,경북 포항시 북구 북쪽 11km 지역
3/9/2018 18:05,2.2,36.95,126.45,충남 서산시 북쪽 18km 지역
3/8/2018 23:38,2,35.31,127.32,전남 곡성군 북동쪽 4km 지역
3/8/2018 23:16,2,35.3,127.33,전남 곡성군 동북동쪽 4km 지역
3/4/2018 0:52,2.6,38.13,130.33,경북 울릉군 북서쪽 88km 해역
2/27/2018 13:14,2.2,37.02,124.87,충남 태안군 서격렬비도 북서쪽 75km 해역
2/26/2018 11:06,2.5,34.52,125.32,전남 신안군 흑산면 남서쪽 20km 해역
2/26/2018 2:23,2.4,33.97,126.87,전남 완도군 남남동쪽 39km 해역
2/18/2018 3:34,2.4,36.07,129.33,경북 포항시 북구 북서쪽 4km 지역
2/17/2018 23:38,2.2,36.1,129.35,경북 포항시 북구 북북서쪽 6km 지역
2/17/2018 21:31,2.6,36.09,129.33,경북 포항시 북구 북북서쪽 6km 지역
2/17/2018 18:35,2,36.11,129.37,경북 포항시 북구 북쪽 8km 지역
2/14/2018 2:14,2.3,37.8,125.38,북한 황해남도 옹진 남쪽 14km 해역
2/13/2018 10:32,2.2,36.12,129.37,경북 포항시 북구 북쪽 9km 지역
2/13/2018 6:30,2.6,36.07,129.33,경북 포항시 북구 북서쪽 5km 지역
2/11/2018 12:49,2.4,36.08,129.33,경북 포항시 북구 북서쪽 5km 지역
2/11/2018 12:14,2.1,36.08,129.32,경북 포항시 북구 북서쪽 6km 지역
2/11/2018 8:11,2.1,36.08,129.34,경북 포항시 북구 북북서쪽 5km 지역
2/11/2018 5:38,2.1,36.09,129.32,경북 포항시 북구 북서쪽 7km 지역
2/11/2018 5:18,2.1,36.07,129.32,경북 포항시 북구 북서쪽 5km 지역
2/11/2018 5:14,2.2,36.08,129.33,경북 포항시 북구 북서쪽 5km 지역
2/11/2018 5:12,2.2,36.07,129.34,경북 포항시 북구 북서쪽 4km 지역
2/11/2018 5:07,2.5,36.08,129.33,경북 포항시 북구 북서쪽 5km 지역
2/11/2018 5:03,4.6,36.08,129.33,경북 포항시 북구 북서쪽 5km 지역
2/10/2018 1:32,2.4,36.6,125.76,충남 태안군 서격렬비도 동쪽 20km 해역
2/9/2018 0:43,2.5,33.92,125.22,전남 신안군 흑산면 남남서쪽 85km 해역
2/8/2018 9:56,2.7,35.1,124.99,전남 신안군 흑산면 북서쪽 67km 해역
2/8/2018 6:46,2.7,41.32,129.09,북한 함경북도 길주 북북서쪽 45km 지역
2/6/2018 19:53,2.6,41.33,129.1,북한 함경북도 길주 북북서쪽 46km 지역
2/6/2018 9:18,2.5,36.08,129.33,경북 포항시 북구 북서쪽 5km 지역
2/4/2018 22:20,2.3,36.06,129.31,경북 포항시 북구 서북서쪽 5km 지역
2/4/2018 18:50,2.8,36.37,127.62,충북 옥천군 북북동쪽 8km 지역
2/4/2018 15:43,2.1,36.11,129.36,경북 포항시 북구 북쪽 8km 지역
2/3/2018 12:35,2.6,33.77,127.4,전남 여수시 거문도 남남동쪽 30km 해역
2/3/2018 11:12,2,36.14,129.36,경북 포항시 북구 북쪽 11km 지역
2/2/2018 12:21,2.9,36.12,129.37,경북 포항시 북구 북쪽 9km 지역
1/28/2018 20:07,3.2,40.24,127.3,북한 함경남도 장진 남남동쪽 16km 지역
1/24/2018 1:25,2.4,34.32,127.32,전남 여수시 거문도 북쪽 32km 해역
1/10/2018 18:42,2,36.26,127.34,대전 서구 남남서쪽 12km 지역
1/9/2018 16:17,2.1,33.98,127.11,전남 여수시 거문도 서남서쪽 19km 해역
1/6/2018 2:47,2.2,37.71,125.94,인천 옹진군 연평도 동북동쪽 21km 해역
1/1/2018 19:11,2,36.11,129.36,경북 포항시 북구 북쪽 8km 지역
1/1/2018 18:35,2.1,38.33,126.16,북한 황해북도 평산 서쪽 20km 지역
12/30/2017 19:44,2,35.76,129.17,경북 경주시 남남서쪽 9km 지역
12/29/2017 17:40,2.1,36.11,129.34,경북 포항시 북구 북북서쪽 8km 지역
12/27/2017 19:42,2.3,36.11,129.36,경북 포항시 북구 북쪽 7km 지역
12/27/2017 19:27,2.8,36.11,129.36,경북 포항시 북구 북쪽 7km 지역
12/26/2017 4:05,2.2,36.14,129.37,경북 포항시 북구 북쪽 11km 지역
12/25/2017 16:32,2.1,36.11,129.36,경북 포항시 북구 북쪽 7km 지역
12/25/2017 16:19,3.5,36.11,129.36,경북 포항시 북구 북쪽 8km 지역
12/22/2017 12:35,2.2,39.31,127.15,북한 함경남도 고원 남남서쪽 15km 지역
12/21/2017 12:01,2,36.72,128.01,경북 문경시 북서쪽 21km 지역
12/20/2017 19:22,2.3,36.09,125.64,충남 태안군 서격렬비도 남쪽 57km 해역
12/19/2017 13:34,2.1,35.77,129.42,경북 경주시 동남동쪽 20km 지역
12/12/2017 10:06,2.5,38.32,126.18,북한 황해북도 평산 서쪽 19km 지역
12/9/2017 16:15,2.3,35.61,129.99,울산 동구 동북동쪽 54km 해역
12/9/2017 15:40,2.8,41.31,129.11,북한 함경북도 길주 북북서쪽 43km 지역
12/9/2017 15:13,3,41.32,129.1,북한 함경북도 길주 북북서쪽 45km 지역
12/9/2017 2:39,2.3,36.1,129.35,경북 포항시 북구 북북서쪽 7km 지역
12/9/2017 1:49,2.2,36.1,129.35,경북 포항시 북구 북북서쪽 7km 지역
12/5/2017 23:40,2.7,41.32,129.13,북한 함경북도 길주 북북서쪽 44km 지역
12/5/2017 21:19,2.1,36.02,129.45,경북 포항시 남구 동쪽 9km 해역
12/4/2017 21:55,2.5,33.42,127.15,제주 서귀포시 성산 동쪽 25km 해역
12/3/2017 1:13,2.1,36.75,128.82,경북 안동시 북북동쪽 22km 지역
12/2/2017 7:45,2.5,41.31,129.11,북한 함경북도 길주 북북서쪽 43km 지역
12/1/2017 16:23,2.7,33.24,127.32,제주 서귀포시 성산 동남동쪽 44km 해역
12/1/2017 8:03,2.4,36.1,129.35,경북 포항시 북구 북북서쪽 7km 지역
11/26/2017 3:13,2.9,36.69,124.65,충남 태안군 서격렬비도 서쪽 79km 해역
11/25/2017 14:10,2.3,36.11,129.35,경북 포항시 북구 북쪽 7km 지역
11/25/2017 12:51,2,36.1,129.35,경북 포항시 북구 북쪽 7km 지역
11/24/2017 21:27,2.3,34.05,125.57,전남 신안군 흑산면 남쪽 68km 해역
11/24/2017 1:17,2.3,36.11,129.35,경북 포항시 북구 북쪽 7km 지역
11/24/2017 0:29,2.6,37.23,125.04,인천 옹진군 연평도 남서쪽 76km 해역
11/23/2017 23:27,2.3,36.11,129.37,경북 포항시 북구 북쪽 8km 지역
11/22/2017 22:15,2,36.12,129.35,경북 포항시 북구 북쪽 9km 지역
11/22/2017 12:41,2.5,36.1,129.35,경북 포항시 북구 북북서쪽 6km 지역
11/21/2017 9:53,2.4,36.11,129.33,경북 포항시 북구 북북서쪽 8km 지역
11/21/2017 8:57,2.1,36.09,129.34,경북 포항시 북구 북북서쪽 5km 지역
11/21/2017 5:58,2,36.09,129.35,경북 포항시 북구 북쪽 6km 지역
11/20/2017 6:05,3.6,36.14,129.36,경북 포항시 북구 북쪽 11km 지역
11/19/2017 23:45,3.5,36.12,129.36,경북 포항시 북구 북쪽 9km 지역
11/19/2017 6:40,2.2,36.09,129.34,경북 포항시 북구 북북서쪽 6km 지역
11/19/2017 5:07,2.1,36.12,129.38,경북 포항시 북구 북쪽 9km 지역
11/19/2017 3:33,2.4,36.09,129.35,경북 포항시 북구 북북서쪽 6km 지역
11/19/2017 1:18,2,36.11,129.34,경북 포항시 북구 북북서쪽 8km 지역
11/17/2017 18:57,2.6,36.1,129.35,경북 포항시 북구 북북서쪽 6km 지역
11/17/2017 8:25,2.1,36.12,129.37,경북 포항시 북구 북쪽 8km 지역
11/17/2017 1:17,2.1,36.08,129.33,경북 포항시 북구 북북서쪽 6km 지역
11/16/2017 19:05,2.4,36.12,129.36,경북 포항시 북구 북쪽 9km 지역
11/16/2017 17:32,2.2,36.12,129.36,경북 포항시 북구 북쪽 9km 지역
11/16/2017 17:31,2,36.11,129.37,경북 포항시 북구 북쪽 7km 지역
11/16/2017 16:48,2.4,36.12,129.36,경북 포항시 북구 북쪽 8km 지역
11/16/2017 14:31,2,36.1,129.34,경북 포항시 북구 북북서쪽 7km 지역
11/16/2017 14:04,2.3,36.13,129.37,경북 포항시 북구 북쪽 10km 지역
11/16/2017 10:37,2.3,36.1,129.35,경북 포항시 북구 북북서쪽 6km 지역
11/16/2017 9:47,2.1,36.12,129.37,경북 포항시 북구 북쪽 9km 지역
11/16/2017 9:02,3.6,36.12,129.37,경북 포항시 북구 북쪽 8km 지역
11/16/2017 5:54,2.5,36.09,129.34,경북 포항시 북구 북북서쪽 6km 지역
11/16/2017 5:03,2,36.08,129.34,경북 포항시 북구 북북서쪽 5km 지역
11/16/2017 2:37,2.3,36.14,129.37,경북 포항시 북구 북쪽 11km 지역
11/16/2017 1:36,2.5,36.14,129.36,경북 포항시 북구 북쪽 10km 지역
11/16/2017 1:23,2.1,36.09,129.35,경북 포항시 북구 북북서쪽 6km 지역
11/16/2017 0:38,2,36.09,129.35,경북 포항시 북구 북북서쪽 6km 지역
11/16/2017 0:21,2.4,36.14,129.35,경북 포항시 북구 북쪽 10km 지역
11/15/2017 23:18,2.1,36.13,129.38,경북 포항시 북구 북쪽 10km 지역
11/15/2017 23:05,2,36.1,129.36,경북 포항시 북구 북쪽 6km 지역
11/15/2017 22:43,2.1,36.1,129.36,경북 포항시 북구 북쪽 7km 지역
11/15/2017 22:24,2.1,36.14,129.38,경북 포항시 북구 북쪽 11km 지역
11/15/2017 21:59,2.1,36.14,129.36,경북 포항시 북구 북쪽 10km 지역
11/15/2017 21:35,2,36.11,129.36,경북 포항시 북구 북쪽 8km 지역
11/15/2017 20:54,2.4,36.1,129.35,경북 포항시 북구 북북서쪽 7km 지역
11/15/2017 18:59,2.1,36.11,129.35,경북 포항시 북구 북쪽 8km 지역
11/15/2017 18:58,2.2,36.1,129.35,경북 포항시 북구 북북서쪽 7km 지역
11/15/2017 18:57,2.3,36.11,129.35,경북 포항시 북구 북북서쪽 8km 지역
11/15/2017 18:51,2,36.14,129.38,경북 포항시 북구 북쪽 11km 지역
11/15/2017 18:48,2.1,36.14,129.38,경북 포항시 북구 북쪽 11km 지역
11/15/2017 18:41,2.1,36.09,129.32,경북 포항시 북구 북서쪽 6km 지역
11/15/2017 17:42,2.2,36.14,129.37,경북 포항시 북구 북쪽 11km 지역
11/15/2017 17:11,2.8,36.08,129.31,경북 포항시 북구 북서쪽 7km 지역
11/15/2017 16:57,2.2,36.14,129.37,경북 포항시 북구 북쪽 11km 지역
11/15/2017 16:49,4.3,36.12,129.36,경북 포항시 북구 북쪽 9km 지역
11/15/2017 16:18,2,36.14,129.36,경북 포항시 북구 북쪽 11km 지역
11/15/2017 16:16,2.4,36.09,129.35,경북 포항시 북구 북북서쪽 6km 지역
11/15/2017 16:11,2.9,36.13,129.36,경북 포항시 북구 북쪽 10km 지역
11/15/2017 15:55,2.2,36.12,129.37,경북 포항시 북구 북쪽 9km 지역
11/15/2017 15:36,2.3,36.09,129.33,경북 포항시 북구 북북서쪽 6km 지역
11/15/2017 15:23,2.6,36.09,129.35,경북 포항시 북구 북북서쪽 6km 지역
11/15/2017 15:19,2.4,36.14,129.38,경북 포항시 북구 북쪽 11km 지역
11/15/2017 15:14,2.5,36.11,129.35,경북 포항시 북구 북쪽 8km 지역
11/15/2017 15:09,3.5,36.09,129.34,경북 포항시 북구 북북서쪽 6km 지역
11/15/2017 15:00,2.9,36.11,129.35,경북 포항시 북구 북쪽 7km 지역
11/15/2017 14:58,2.9,36.12,129.37,경북 포항시 북구 북쪽 9km 지역
11/15/2017 14:56,2.8,36.1,129.35,경북 포항시 북구 북북서쪽 7km 지역
11/15/2017 14:52,2.4,36.11,129.35,경북 포항시 북구 북쪽 8km 지역
11/15/2017 14:50,2.4,36.1,129.36,경북 포항시 북구 북쪽 6km 지역
11/15/2017 14:46,2.5,36.12,129.39,경북 포항시 북구 북북동쪽 9km 지역
11/15/2017 14:32,3.6,36.1,129.36,경북 포항시 북구 북쪽 7km 지역
11/15/2017 14:29,5.4,36.11,129.37,경북 포항시 북구 북쪽 8km 지역
11/15/2017 14:22,2.6,36.08,129.31,경북 포항시 북구 북서쪽 7km 지역
11/15/2017 14:22,2.2,36.11,129.36,경북 포항시 북구 북쪽 7km 지역
11/14/2017 2:17,2.7,37.29,124.82,인천 백령도 남쪽 75km 해역
11/11/2017 17:18,2.2,34.84,127.46,전남 순천시 남남서쪽 12km 지역
11/9/2017 13:29,2,35.75,129.18,경북 경주시 남남서쪽 10km 지역
11/8/2017 17:52,2,35.16,128.57,경남 창원시 마산합포구 남쪽 4km 지역
11/8/2017 9:35,2.5,33.05,126.2,제주 제주시 고산 남쪽 28km 해역
10/30/2017 11:02,2.1,36.42,126.48,충남 보령시 북서쪽 15km 해역
10/29/2017 2:14,2.2,34.39,127.34,전남 고흥군 남남동쪽 25km 해역
10/21/2017 13:11,2.7,33.63,126.05,제주 제주시 고산 북북서쪽 39km 해역
10/20/2017 12:20,2.2,38.44,126.16,북한 황해북도 평산 서북서쪽 24km 지역
10/20/2017 6:41,2,35.9,127.54,전북 진안군 북동쪽 15km 지역
10/18/2017 4:56,2.6,36.59,129.45,경북 영덕군 북북동쪽 20km 해역
10/16/2017 15:51,2.5,35.79,129.19,경북 경주시 남남서쪽 6km 지역
10/16/2017 6:08,2.8,33.86,125.3,전남 신안군 흑산면 남쪽 89km해역
10/13/2017 1:41,2.7,41.39,129.03,북한 함경북도 길주 북북서쪽 54km지역
10/8/2017 12:18,2.8,34.84,127.25,전남 보성군 동북동쪽 17km 지역
10/4/2017 12:10,2.1,36.16,127.13,충남 논산시 남동쪽 4km 지역
10/4/2017 2:11,2.4,35.56,129.88,울산 동구 동쪽 42km 해역
9/30/2017 15:34,2.5,33.42,127.15,제주 서귀포시 성산 동쪽 25km 해역
9/23/2017 17:29,3.2,41.35,129.06,북한 함경북도 길주 북북서쪽 49km 지역
9/23/2017 13:43,2.6,41.35,129.06,북한 함경북도 길주 북북서쪽 49km 지역
9/16/2017 1:34,2.2,34.25,127.13,전남 여수시 거문도 북서쪽 29km 해역
9/11/2017 17:25,3.2,35.29,124.16,전남 신안군 흑산면 서북서쪽 139km 해역
9/7/2017 14:58,2.9,37.6,125.34,인천 옹진군 연평도 서남서쪽 33km 해역
9/1/2017 5:57,2.1,36.42,127.21,충남 공주시 동남동쪽 9km 지역
8/29/2017 22:06,2.4,35.31,125.36,전남 영광군 안마도 서쪽 61km 해역
8/21/2017 1:30,2.1,38.82,126.13,북한 평양 동남동쪽 39km 지역
8/16/2017 0:35,2.5,38.73,125.69,북한 황해북도 송림 동쪽 5km 지역
8/15/2017 21:32,2.6,38.73,125.67,북한 황해북도 송림 동쪽 3km 지역
8/9/2017 13:53,2.7,33.87,125.52,전남 신안군 흑산면 남쪽 87km 해역
8/7/2017 20:53,2.6,38.7,125.63,북한 황해북도 송림 남남서쪽 4km 지역
7/20/2017 14:38,2,37.39,129.54,강원 삼척시 동남동쪽 33km 해역
7/19/2017 10:23,2.2,33.77,126.12,제주 제주시 북서쪽 48km 해역
7/18/2017 10:31,2.7,37.69,126.19,인천 강화군 서남서쪽 27km 해역
7/9/2017 3:43,2.1,33.51,125.73,제주 제주시 고산 서북서쪽 47km 해역
7/8/2017 23:45,2.8,40.4,127.29,북한 함경남도 장진 동북동쪽 5km 지역
7/6/2017 6:00,2.4,36,127.94,경북 김천시 남서쪽 22km 지역
7/5/2017 19:17,2.5,35.99,127.97,경북 김천시 남서쪽 21km 지역
6/28/2017 13:00,2.7,40,125.81,북한 평안북도 영변 북쪽 22km 지역
6/27/2017 20:17,2,35.77,129.2,경북 경주시 남남서쪽 8km 지역
6/20/2017 11:02,2,35.85,129.08,경북 경주시 서쪽 12km 지역
6/17/2017 14:30,2.3,33.38,127.21,제주 서귀포시 성산 동쪽 30km 해역
6/15/2017 16:56,2.4,36.54,125.07,충남 태안군 서격렬비도 서쪽 42km 해역
6/14/2017 2:43,2.2,38.34,126.14,북한 황해북도 평산 서쪽 22km 지역
6/13/2017 8:01,2.1,35.74,129.18,경북 경주시 남남서쪽 11km 지역
6/11/2017 20:31,2.5,35.77,129.17,경북 경주시 남남서쪽 9km 지역
6/11/2017 18:16,2,37.28,129.21,강원 삼척시 남남동쪽 19km 지역
6/4/2017 5:16,2.1,36.83,128.1,충북 충주시 남동쪽 24km 지역
5/28/2017 15:47,2.7,35.67,129.56,울산 북구 동북동쪽 20km 해역
5/25/2017 11:20,3,36.96,124.4,충남 태안군 서격렬비도 서북서쪽 109km 해역
5/20/2017 22:29,2.9,37.73,129.62,강원 동해시 동북동쪽 50km 해역
5/20/2017 16:29,2,35.92,128.27,경북 성주군 북서쪽 1km 지역
5/16/2017 23:29,2.2,36.6,128.92,경북 안동시 동북동쪽 17km 지역
5/16/2017 20:06,2.1,36.85,124.55,충남 태안군 서격렬비도 서북서쪽 92km 해역
5/13/2017 18:37,2.8,36.61,129.44,경북 영덕군 북북동쪽 23km 해역
5/10/2017 22:31,2.1,36.61,129.45,경북 영덕군 북북동쪽 23km 해역
5/10/2017 14:06,2.5,35.88,126.19,전북 부안군 위도 북북서쪽 32km 해역
5/5/2017 23:16,3,35.32,127.43,전남 구례군 북북서쪽 13km 지역
5/5/2017 0:02,2,36.73,128.1,경북 문경시 북북서쪽 18km 지역
5/4/2017 21:46,2.4,36.74,128.1,경북 문경시 북북서쪽 18km 지역
5/4/2017 1:08,2.6,36.61,129.44,경북 영덕군 북북동쪽 22km 해역
4/28/2017 11:19,2.1,36.6,128.81,경북 안동시 동북동쪽 8km 지역
4/28/2017 5:54,2.4,33.33,127.85,제주 서귀포시 성산 동쪽 90km 해역
4/20/2017 16:00,3.2,33.77,127.28,전남 여수시 거문도 남쪽 29km 해역
4/18/2017 17:36,2.1,35.5,128.88,경남 밀양시 동쪽 12km 지역
4/18/2017 1:17,2,35.76,129.18,경북 경주시 남남서쪽 9km 지역
4/16/2017 21:39,2.2,36.7,125.18,충남 태안군 서격렬비도 서북서쪽 33km 해역
4/15/2017 17:16,2,36.11,129.37,경북 포항시 북구 북쪽 8km 지역
4/15/2017 11:31,3.1,36.11,129.36,경북 포항시 북구 북쪽 8km 지역
4/15/2017 5:41,2.2,35.76,129.18,경북 경주시 남남서쪽 9km 지역
4/10/2017 4:02,2.3,35.16,128.77,경남 창원시 진해구 동북동쪽 6km지역
4/9/2017 14:12,2.4,38.99,126.2,북한 평안남도 성천 남쪽 28km 지역
4/9/2017 1:45,2.1,35.76,129.2,경북 경주시 남쪽 9km 지역
4/8/2017 23:13,2.1,38.72,125.61,북한 황해북도 송림 북북서쪽 2km 지역
4/8/2017 18:20,2.7,35.76,129.18,경북 경주시 남남서쪽 9km 지역
4/7/2017 0:04,2,35.97,127.8,전북 무주군 동남동쪽 13km 지역
4/4/2017 23:25,2.2,35.67,129.85,울산 동구 동북동쪽 43km 해역
4/1/2017 16:04,2.2,35.78,129.2,경북 경주시 남남서쪽 7km 지역
3/31/2017 13:53,2.5,35.78,129.2,경북 경주시 남남서쪽 6km 지역
3/31/2017 13:46,3.3,35.78,129.2,경북 경주시 남남서쪽 7km 지역
3/30/2017 21:49,2,35.76,129.19,경북 경주시 남남서쪽 9km 지역
3/28/2017 15:45,2,35.79,129.2,경북 경주시 남남서쪽 5km 지역
3/28/2017 0:48,2.2,37.17,125.48,인천 옹진군 연평도 남남서쪽 58km 해역
3/27/2017 9:28,2,35.21,126.95,광주 북구 북동쪽 5km 지역
3/21/2017 23:19,2.4,38.52,126.03,북한 황해북도 사리원 동쪽 23km 지역
3/19/2017 3:01,2.9,33.32,127.18,제주 서귀포시 성산 동남동쪽 29km 해역
3/14/2017 5:41,2.1,34.64,127.78,전남 여수시 남동쪽 17km 지역
3/9/2017 2:24,2,35.82,129.78,경북 포항시 남구 동남동쪽 43km 해역
3/7/2017 6:53,2.6,37.75,129.71,강원 동해시 동북동쪽 58km 해역
3/7/2017 3:48,2.2,36.3,128.23,경북 구미시 북북서쪽 23km 지역
3/6/2017 6:21,2,35.75,126.1,전북 부안군 위도 북서쪽 24km 해역
3/5/2017 19:19,2.1,37.77,129.7,강원 동해시 동북동쪽 58km 해역
3/5/2017 15:09,2.1,37.72,129.59,강원 동해시 동북동쪽 47km 해역
3/5/2017 9:28,2.4,37.74,129.69,강원 동해시 동북동쪽 56km 해역
3/5/2017 9:18,3.2,37.75,129.66,강원 동해시 동북동쪽 54km 해역
3/5/2017 7:52,2.4,35.75,129.17,경북 경주시 남남서쪽 11km 지역
3/4/2017 6:33,2.3,35.99,127.95,경북 김천시 남서쪽 22km 지역
2/25/2017 6:59,2.4,35.74,129.18,경북 경주시 남남서쪽 11km 지역
2/25/2017 6:58,2.2,35.74,129.17,경북 경주시 남남서쪽 12km 지역
2/24/2017 12:29,2.5,38.89,126.09,북한 평양 동남동쪽 33km 지역
2/24/2017 11:34,2.3,36.38,127.79,충북 옥천군 동북동쪽 21km 지역
2/23/2017 21:03,3.1,37.4,124.89,인천 백령도 남남동쪽 64km 해역
2/22/2017 13:08,2.1,35.77,129.18,경북 경주시 남남서쪽 8km 지역
2/21/2017 3:21,2.1,35.76,129.2,경북 경주시 남쪽 9km 지역
2/18/2017 20:58,2.4,35.23,126.94,광주 북구 북북동쪽 7km 지역
2/18/2017 16:53,2,33.23,126.18,제주 서귀포시 서쪽 35km 해역
2/16/2017 18:20,2.3,35.64,128.09,경남 합천군 북서쪽 11km 지역
2/16/2017 2:34,2.9,35.78,129.2,경북 경주시 남남서쪽 7km 지역
2/12/2017 9:22,2.3,35.69,129.58,울산 북구 동북동쪽 23km 해역
2/10/2017 18:01,2.6,38.54,125.84,북한 황해북도 사리원 동북동쪽 8km 지역
2/10/2017 5:22,2.2,35.65,129.57,울산 북구 동북동쪽 20km 해역
2/5/2017 20:06,2.6,39.61,127.64,북한 함경남도 함흥 남남동쪽 34km 해역
2/5/2017 19:07,2.5,33.61,126.73,제주 제주시 동북동쪽 22km 해역
1/29/2017 13:45,2.6,38.7,127.16,북한 강원도 평강 북북서쪽 34km 지역
1/26/2017 22:53,2,33.54,126.87,제주 제주시 동쪽 32km 해역
1/24/2017 4:07,2.6,35.77,129.17,경북 경주시 남남서쪽 9km 지역
1/21/2017 3:27,2.6,35.75,129.18,경북 경주시 남남서쪽 10km 지역
1/18/2017 12:49,2.5,35.02,125.06,전남 신안군 흑산면 북서쪽 56km 해역
1/17/2017 16:06,2.8,38.71,125.86,북한 황해북도 송림 동쪽 20km 지역
1/16/2017 19:54,2.1,36.33,126.59,충남 보령시 서쪽 2km 지역
1/16/2017 6:57,2.7,33.64,127.51,전남 여수시 거문도 남남동쪽 47km 해역
1/14/2017 11:52,2.2,35.17,127.79,경남 하동군 북북동쪽 12km 지역
1/11/2017 0:10,2.1,36.44,128.42,경북 의성군 서북서쪽 27km 지역
1/7/2017 6:37,2.4,38.69,125.73,북한 황해북도 송림 동남동쪽 10km 지역
1/6/2017 5:33,2.2,35.75,129.18,경북 경주시 남남서쪽 10km 지역
1/6/2017 5:31,3.3,35.75,129.17,경북 경주시 남남서쪽 11km 지역
1/4/2017 5:00,2.5,36.58,129.24,경북 영덕군 북북서쪽 22km 지역
12/31/2016 8:01,2.6,39.31,126.27,북한 평안남도 성천 북북동쪽 9km 지역
12/30/2016 15:04,2.5,38.64,125.76,북한 황해북도 사리원 북쪽 15km 지역
12/29/2016 21:32,2.3,36.12,129.36,경북 포항시 북구 북쪽 9km 지역
12/29/2016 5:53,2.6,38.71,125.76,북한 황해북도 송림 동남동쪽 11km 지역
12/25/2016 6:29,2.5,35.78,129.31,경북 경주시 남동쪽 11km 지역
12/25/2016 1:59,2.4,35.25,129.39,부산 기장군 동쪽 15km 해역
12/23/2016 5:31,2.2,36.12,129.36,경북 포항시 북구 북쪽 9km 지역
12/22/2016 21:13,2.2,34.45,128.54,경남 통영시 매물도 남쪽 22km 해역
12/15/2016 17:14,2.1,35.76,129.19,경북 경주시 남남서쪽 9km 지역
12/14/2016 17:20,3.3,35.76,129.17,경북 경주시 남남서쪽 10km 지역
12/14/2016 10:05,2.1,36.54,128.08,경북 상주시 북북서쪽 16km 지역
12/12/2016 17:53,3.3,35.76,129.18,경북 경주시 남남서쪽 9km 지역
12/12/2016 4:46,2.2,35.76,129.18,경북 경주시 남남서쪽 9km 지역
12/11/2016 16:05,2.6,36.07,125.57,충남 태안군 서격렬비도 남쪽 59km 해역
12/10/2016 15:51,2,37.63,129.68,강원 삼척시 동북동쪽 50km 해역
12/10/2016 0:51,2.1,35.77,129.17,경북 경주시 남남서쪽 9km 지역
12/9/2016 11:30,2.4,35.69,129.36,경북 경주시 남동쪽 21km 지역
12/7/2016 22:34,2.4,37.18,125.48,인천 옹진군 연평도 남남서쪽 57km 해역
12/5/2016 7:42,2.1,35.81,129.72,경북 포항시 남구 남동쪽 39km 해역
12/5/2016 0:47,2.1,35.77,129.18,경북 경주시 남남서쪽 8km 지역
12/2/2016 4:45,2.1,35.76,129.19,경북 경주시 남남서쪽 9km 지역
11/29/2016 10:09,2.9,33.4,125.72,제주 제주시 고산 서북서쪽 43km 해역
11/28/2016 23:33,2.2,38.49,126.14,북한 황해북도 평산 북서쪽 28km 지역
11/28/2016 20:57,2.4,35.77,129.19,경북 경주시 남남서쪽 8km 지역
11/27/2016 20:08,2.2,36.02,127.39,충남 금산군 남서쪽 13km 지역
11/27/2016 6:53,2.5,36.34,127.33,대전 유성구 남서쪽 3km 지역
11/25/2016 18:53,2.3,35.75,129.17,경북 경주시 남남서쪽 11km 지역
11/19/2016 3:29,2.1,35.76,129.19,경북 경주시 남남서쪽 9km 지역
11/18/2016 2:02,2,35.51,128.09,경남 합천군 남서쪽 9km 지역
11/16/2016 23:15,2.1,34.86,125.08,전남 신안군 흑산면 서북서쪽 43km 해역
11/15/2016 16:27,2,35.76,129.19,경북 경주시 남남서쪽 9km 지역
11/15/2016 12:22,2.5,38.35,128.09,북한 강원도 금강군 남남동쪽 29km 지역
11/13/2016 21:52,3.5,36.36,126.63,충남 보령시 북북동쪽 4km 지역
11/13/2016 2:27,2.3,38.76,125.66,북한 황해북도 송림 북동쪽 3km 지역
11/10/2016 22:37,2.5,36.46,129.89,경북 영덕군 동쪽 47km 해역
11/9/2016 20:55,2.3,36.55,129.6,경북 영덕군 북동쪽 26km 해역
11/6/2016 6:26,3.5,33.76,125.07,전남 신안군 흑산면 남남서쪽 106km 해역
11/3/2016 23:35,2.6,35.32,128.49,경남 함안군 북동쪽 9km 지역
11/3/2016 10:36,2.3,35.76,129.19,경북 경주시 남남서쪽 9km 지역
11/3/2016 10:02,2.3,35.76,129.19,경북 경주시 남남서쪽 9km 지역
11/3/2016 3:46,2.1,35.75,129.18,경북 경주시 남남서쪽 10km 지역
11/2/2016 3:01,2.3,33.53,126.88,제주 제주시 동쪽 33km 지역
10/25/2016 19:57,2.4,35.7,129.37,경북 경주시 남동쪽 21km 지역
10/25/2016 3:23,2,35.76,129.19,경북 경주시 남남서쪽 9km 지역
10/24/2016 9:02,2.2,37.25,127.02,경기 수원시 권선구 동쪽 4km 지역
10/23/2016 3:00,2.7,35.78,129.2,경북 경주시 남남서쪽 7km 지역
10/21/2016 12:47,2.6,35.75,129.17,경북 경주시 남남서쪽 11km 지역
10/21/2016 10:13,2.2,36.46,126.87,충남 청양군 동쪽 6km 지역
10/20/2016 12:17,2.4,35.76,129.19,경북 경주시 남남서쪽 9km 지역
10/15/2016 23:49,2.2,35.76,129.17,경북 경주시 남남서쪽 10km 지역
10/15/2016 18:55,2.5,35.74,129.18,경북 경주시 남남서쪽 11km 지역
10/14/2016 8:20,2.3,35.76,129.19,경북 경주시 남남서쪽 9km 지역
10/12/2016 0:29,2.9,35.76,129.18,경북 경주시 남남서쪽 9km 지역
10/10/2016 22:59,3.3,35.75,129.18,경북 경주시 남남서쪽 10km 지역
10/9/2016 14:03,2.2,35.08,126.93,광주 동구 남쪽 7km 지역
10/7/2016 17:17,2.2,35.77,129.23,경북 경주시 남쪽 8km 지역
10/5/2016 23:29,2.3,38.76,125.62,북한 황해북도 송림 북북서쪽 3km 지역
10/4/2016 15:16,2.6,35.76,129.19,경북 경주시 남남서쪽 9km 지역
10/2/2016 20:53,3,35.75,129.19,경북 경주시 남남서쪽 10km 지역
10/1/2016 17:00,2.3,35.76,129.18,경북 경주시 남남서쪽 9km 지역
10/1/2016 13:04,2,35.76,129.18,경북 경주시 남남서쪽 9km 지역
9/30/2016 21:52,2.2,35.75,129.18,경북 경주시 남남서쪽 10km 지역
9/30/2016 18:06,2.3,35.76,129.16,경북 경주시 남남서쪽 10km 지역
9/30/2016 16:24,2,35.77,129.16,경북 경주시 남남서쪽 9km 지역
9/30/2016 11:09,2.1,35.76,129.18,경북 경주시 남남서쪽 9km 지역
9/28/2016 21:10,2.7,35.77,129.17,경북 경주시 남남서쪽 9km 지역
9/28/2016 19:00,2.6,38.74,125.73,북한 황해북도 송림 동쪽 8km 지역
9/28/2016 18:54,2.8,38.74,125.69,북한 황해북도 송림 동쪽 5km 지역
9/28/2016 16:34,3.1,35.76,129.18,경북 경주시 남남서쪽 9km 지역
9/24/2016 19:56,2.5,35.79,129.19,경북 경주시 남남서쪽 6km 지역
9/23/2016 18:21,2.1,35.76,129.18,경북 경주시 남남서쪽 9km 지역
9/22/2016 3:22,2.1,35.76,129.18,경북 경주시 남남서쪽 9km 지역
9/22/2016 0:01,2.3,35.76,129.18,경북 경주시 남남서쪽 9km 지역
9/21/2016 11:53,3.5,35.75,129.18,경북 경주시 남남서쪽 10km 지역
9/21/2016 11:36,2.2,35.78,129.15,경북 경주시 남서쪽 9km 지역
9/21/2016 3:36,2.9,35.77,129.18,경북 경주시 남남서쪽 8km 지역
9/21/2016 0:59,2.1,35.76,129.18,경북 경주시 남남서쪽 9km 지역
9/20/2016 20:03,2.1,35.77,129.19,경북 경주시 남남서쪽 8km 지역
9/20/2016 15:05,2.5,38.36,128.09,강원 양구군 북북동쪽 29km 지역(북한지역)
9/20/2016 9:58,2.4,35.76,129.2,경북 경주시 남쪽 9km 지역
9/19/2016 21:00,2.1,35.75,129.17,경북 경주시 남남서쪽 11km 지역
9/19/2016 20:33,4.5,35.74,129.18,경북 경주시 남남서쪽 11km 지역
9/19/2016 9:17,2.1,35.76,129.17,경북 경주시 남남서쪽 10km 지역
9/18/2016 22:38,2,35.75,129.18,경북 경주시 남남서쪽 10km 지역
9/18/2016 16:27,2.4,35.76,129.17,경북 경주시 남남서쪽 10km 지역
9/17/2016 16:21,2.1,35.76,129.18,경북 경주시 남남서쪽 9km 지역
9/17/2016 7:12,2.1,35.76,129.18,경북 경주시 남남서쪽 9km 지역
9/16/2016 21:14,2.2,35.76,129.18,경북 경주시 남남서쪽 9km 지역
9/16/2016 19:54,2.1,35.74,129.17,경북 경주시 남남서쪽 12km 지역
9/16/2016 19:15,2,35.76,129.18,경북 경주시 남남서쪽 10km 지역
9/16/2016 18:58,2,35.75,129.18,경북 경주시 남남서쪽 10km 지역
9/16/2016 15:13,2.3,35.76,129.17,경북 경주시 남남서쪽 10km 지역
9/16/2016 5:31,2.2,35.78,129.19,경북 경주시 남남서쪽 7km 지역
9/15/2016 20:48,2.6,35.76,129.19,경북 경주시 남남서쪽 9km 지역
9/15/2016 19:47,2.2,35.77,129.19,경북 경주시 남남서쪽 8km 지역
9/15/2016 3:22,2.7,35.76,129.18,경북 경주시 남남서쪽 9km 지역
9/14/2016 22:31,2.4,35.76,129.17,경북 경주시 남남서쪽 10km 지역
9/14/2016 17:27,2.3,35.77,129.17,경북 경주시 남남서쪽 9km 지역
9/14/2016 16:47,2.1,35.77,129.18,경북 경주시 남남서쪽 8km 지역
9/14/2016 12:38,2.2,35.78,129.19,경북 경주시 남남서쪽 7km 지역
9/14/2016 11:57,2.4,33.93,126.62,전남 완도군 남남서쪽 44km 해역
9/14/2016 4:43,2.1,35.77,129.17,경북 경주시 남남서쪽 9km 지역
9/14/2016 3:55,2.4,35.76,129.18,경북 경주시 남남서쪽 9km 지역
9/14/2016 1:37,2.1,35.77,129.18,경북 경주시 남남서쪽 8km 지역
9/14/2016 0:48,3,35.75,129.18,경북 경주시 남남서쪽 11km 지역
9/13/2016 23:08,2.3,35.73,129.36,경북 경주시 남동쪽 18km 지역
9/13/2016 21:49,2.1,35.76,129.17,경북 경주시 남남서쪽 10km 지역
9/13/2016 18:54,2.1,35.76,129.18,경북 경주시 남남서쪽 9km 지역
9/13/2016 17:15,2,35.77,129.18,경북 경주시 남남서쪽 9km 지역
9/13/2016 16:52,2.5,35.75,129.18,경북 경주시 남남서쪽 10km 지역
9/13/2016 16:21,2,35.75,129.17,경북 경주시 남남서쪽 10km 지역
9/13/2016 16:02,2.5,35.76,129.2,경북 경주시 남쪽 9km 지역
9/13/2016 14:41,2.1,35.76,129.17,경북 경주시 남남서쪽 10km 지역
9/13/2016 14:31,3,35.76,129.18,경북 경주시 남남서쪽 9km 지역
9/13/2016 13:18,2.1,35.77,129.17,경북 경주시 남남서쪽 9km 지역
9/13/2016 13:16,2.4,35.77,129.17,경북 경주시 남남서쪽 9km 지역
9/13/2016 13:09,2.3,35.77,129.17,경북 경주시 남남서쪽 9km 지역
9/13/2016 12:33,2,35.76,129.16,경북 경주시 남남서쪽 10km 지역
9/13/2016 12:27,2.2,35.78,129.19,경북 경주시 남남서쪽 7km 지역
9/13/2016 10:58,2,35.76,129.18,경북 경주시 남남서쪽 9km 지역
9/13/2016 10:44,2.2,35.76,129.18,경북 경주시 남남서쪽 9km 지역
9/13/2016 10:05,2,35.76,129.18,경북 경주시 남남서쪽 9km 지역
9/13/2016 10:01,2.3,35.78,129.19,경북 경주시 남남서쪽 7km 지역
9/13/2016 9:23,2.3,35.76,129.18,경북 경주시 남남서쪽 9km 지역
9/13/2016 8:47,2.3,35.76,129.17,경북 경주시 남남서쪽 10km 지역
9/13/2016 8:24,3.2,35.76,129.17,경북 경주시 남남서쪽 10km 지역
9/13/2016 7:47,2.4,35.77,129.18,경북 경주시 남남서쪽 8km 지역
9/13/2016 7:03,2.1,35.77,129.19,경북 경주시 남남서쪽 8km 지역
9/13/2016 6:48,2,35.78,129.18,경북 경주시 남남서쪽 7km 지역
9/13/2016 6:15,2.3,35.77,129.18,경북 경주시 남남서쪽 8km 지역
9/13/2016 5:15,2,35.77,129.18,경북 경주시 남남서쪽 9km 지역
9/13/2016 4:56,2,35.77,129.19,경북 경주시 남남서쪽 8km 지역
9/13/2016 4:41,2.1,35.76,129.17,경북 경주시 남남서쪽 10km 지역
9/13/2016 4:13,2.1,35.78,129.19,경북 경주시 남남서쪽 7km 지역
9/13/2016 3:11,2.1,35.75,129.17,경북 경주시 남남서쪽 11km 지역
9/13/2016 2:09,2,35.75,129.18,경북 경주시 남남서쪽 10km 지역
9/13/2016 2:03,2.1,35.76,129.17,경북 경주시 남남서쪽 10km 지역
9/13/2016 2:03,2.2,35.78,129.19,경북 경주시 남남서쪽 7km 지역
9/13/2016 1:58,2.5,35.77,129.18,경북 경주시 남남서쪽 8km 지역
9/13/2016 1:37,2.2,35.77,129.18,경북 경주시 남남서쪽 8km 지역
9/13/2016 1:35,2.3,35.75,129.17,경북 경주시 남남서쪽 11km 지역
9/13/2016 1:31,2,35.77,129.18,경북 경주시 남남서쪽 8km 지역
9/13/2016 1:23,2.2,35.75,129.19,경북 경주시 남남서쪽 10km 지역
9/13/2016 1:03,2,35.77,129.17,경북 경주시 남남서쪽 9km 지역
9/13/2016 0:45,2.2,35.76,129.18,경북 경주시 남남서쪽 9km 지역
9/13/2016 0:37,3.1,35.78,129.21,경북 경주시 남쪽 6km 지역
9/13/2016 0:32,2.1,35.76,129.19,경북 경주시 남남서쪽 9km 지역
9/13/2016 0:21,2.5,35.76,129.19,경북 경주시 남남서쪽 9km 지역
9/13/2016 0:15,2,35.76,129.18,경북 경주시 남남서쪽 9km 지역
9/13/2016 0:10,2,35.76,129.18,경북 경주시 남남서쪽 9km 지역
9/13/2016 0:07,2.2,35.76,129.19,경북 경주시 남남서쪽 9km 지역
9/12/2016 23:53,2.2,35.77,129.19,경북 경주시 남남서쪽 8km 지역
9/12/2016 23:52,3.1,35.75,129.18,경북 경주시 남남서쪽 10km 지역
9/12/2016 23:18,3,35.76,129.17,경북 경주시 남남서쪽 8km 지역
9/12/2016 22:47,2.1,35.77,129.19,경북 경주시 남남서쪽 8km 지역
9/12/2016 22:23,2.4,35.77,129.18,경북 경주시 남남서쪽 8km 지역
9/12/2016 22:22,2.2,35.76,129.18,경북 경주시 남남서쪽 9km 지역
9/12/2016 22:18,2,35.77,129.18,경북 경주시 남남서쪽 8km 지역
9/12/2016 22:17,2.5,35.76,129.18,경북 경주시 남남서쪽 9km 지역
9/12/2016 22:13,2.4,35.76,129.19,경북 경주시 남남서쪽 9km 지역
9/12/2016 22:08,2,35.76,129.18,경북 경주시 남남서쪽 9km 지역
9/12/2016 22:06,2.1,35.77,129.19,경북 경주시 남남서쪽 8km 지역
9/12/2016 21:54,2.2,35.76,129.16,경북 경주시 남남서쪽 10km 지역
9/12/2016 21:54,2.1,35.77,129.19,경북 경주시 남남서쪽 8km 지역
9/12/2016 21:38,2.6,35.76,129.19,경북 경주시 남남서쪽 9km 지역
9/12/2016 21:33,2.3,35.76,129.02,경북 경주시 서남서쪽 20km 지역
9/12/2016 21:20,2.8,35.78,129.18,경북 경주시 남남서쪽 7km 지역
9/12/2016 21:16,2.1,35.76,129.18,경북 경주시 남남서쪽 9km 지역
9/12/2016 21:09,2.2,35.77,129.19,경북 경주시 남남서쪽 8km 지역
9/12/2016 21:07,2,35.77,129.19,경북 경주시 남남서쪽 8km 지역
9/12/2016 21:00,2.5,35.77,129.18,경북 경주시 남남서쪽 8km 지역
9/12/2016 20:58,2.1,35.77,129.17,경북 경주시 남남서쪽 9km 지역
9/12/2016 20:55,2,35.76,129.18,경북 경주시 남남서쪽 9km 지역
9/12/2016 20:51,2.6,35.75,129.16,경북 경주시 남남서쪽 11km 지역
9/12/2016 20:47,2.9,35.76,129.19,경북 경주시 남남서쪽 9km 지역
9/12/2016 20:47,2.2,35.81,129.23,경북 경주시 남남동쪽 3km 지역
9/12/2016 20:46,2.4,35.76,129.17,경북 경주시 남남서쪽 10km 지역
9/12/2016 20:45,2.3,35.76,129.17,경북 경주시 남남서쪽 10km 지역
9/12/2016 20:45,2.7,35.78,129.2,경북 경주시 남남서쪽 7km 지역
9/12/2016 20:44,2.5,35.76,129.18,경북 경주시 남남서쪽 9km 지역
9/12/2016 20:43,2.4,35.76,129.19,경북 경주시 남남서쪽 9km 지역
9/12/2016 20:42,2.5,35.79,129.2,경북 경주시 남남서쪽 5km 지역
9/12/2016 20:40,3,35.76,129.18,경북 경주시 남남서쪽 9km 지역
9/12/2016 20:39,3,35.77,129.19,경북 경주시 남남서쪽 8km 지역
9/12/2016 20:38,3,35.78,129.2,경북 경주시 남남서쪽 7km 지역
9/12/2016 20:36,3.4,35.75,129.18,경북 경주시 남남서쪽 10km 지역
9/12/2016 20:34,3.6,35.78,129.19,경북 경주시 남남서쪽 7km 지역
9/12/2016 20:32,5.8,35.76,129.19,경북 경주시 남남서쪽 8.7km 지역
9/12/2016 20:26,2.5,35.77,129.2,경북 경주시 남쪽 8km 지역
9/12/2016 20:17,2.3,35.76,129.19,경북 경주시 남남서쪽 9km 지역
9/12/2016 20:10,3.1,35.77,129.18,경북 경주시 남남서쪽 8km 지역
9/12/2016 20:09,2.7,35.76,129.17,경북 경주시 남남서쪽 10km 지역
9/12/2016 20:08,2.7,35.76,129.18,경북 경주시 남남서쪽 9km 지역
9/12/2016 20:07,2.6,35.76,129.19,경북 경주시 남남서쪽 9km 지역
9/12/2016 20:04,2.5,35.77,129.18,경북 경주시 남남서쪽 8km 지역
9/12/2016 20:00,2.4,35.78,129.16,경북 경주시 남서쪽 8km 지역
9/12/2016 19:55,2.4,35.76,129.18,경북 경주시 남남서쪽 9km 지역
9/12/2016 19:53,2.1,35.77,129.19,경북 경주시 남남서쪽 8km 지역
9/12/2016 19:50,2.2,35.77,129.18,경북 경주시 남남서쪽 8km 지역
9/12/2016 19:48,3.1,35.77,129.19,경북 경주시 남남서쪽 8km 지역
9/12/2016 19:46,2.2,35.76,129.19,경북 경주시 남남서쪽 9km 지역
9/12/2016 19:45,2.4,35.78,129.2,경북 경주시 남남서쪽 7km 지역
9/12/2016 19:44,5.1,35.77,129.19,경북 경주시 남남서쪽 8.2km 지역
8/30/2016 0:39,2.6,35.55,128.03,경남 합천군 서쪽 13km 지역
8/28/2016 23:27,2.1,35.65,127.48,전북 장수군 서쪽 4km 지역
8/28/2016 21:27,2.4,38.65,127.16,북한 강원 평강 북북서쪽 29km 지역
8/20/2016 18:54,2.9,33.48,127.31,제주 서귀포시 성산 동북동쪽 41km 해역
8/20/2016 12:18,3,38.38,128.09,강원 양구군 북북동쪽 32km 지역(북한지역)
8/18/2016 22:21,2.6,38.84,125.7,북한 황해북도 송림 북북동쪽 13km 지역
8/18/2016 17:08,2.1,37.18,125.46,인천 옹진군 연평도 남남서쪽 58km 해역
8/17/2016 11:17,2.9,38.35,128.09,강원 양구군 북북동쪽 28km 지역(북한지역)
8/16/2016 11:57,2.4,36.75,128.84,경북 안동시 북북동쪽 22km 지역
7/30/2016 1:51,2.3,33.06,126.33,제주 서귀포시 남서쪽 27km 해역
7/14/2016 22:31,2.8,35.12,130.24,울산 동구 동남동쪽 86km 해역
7/13/2016 14:13,2,36.8,128.53,경북 영주시 서쪽 9km 지역
7/9/2016 13:16,2.6,38.69,125.83,북한 황해북도 송림 동남동쪽 18km 지역
7/9/2016 4:47,2.3,35.48,129.97,울산 동구 동쪽 50km 해역
7/5/2016 21:24,2.6,35.51,129.87,울산 동구 동쪽 41km 해역
7/5/2016 20:33,5,35.51,129.99,울산 동구 동쪽 52km 해역
6/25/2016 3:24,2.6,38.74,125.86,북한 황해북도 송림 동쪽 20km 지역
6/21/2016 3:23,3.1,39.49,126.19,북한 평안남도 성천 북쪽 28km 지역
6/15/2016 2:07,2.6,35.87,129.69,경북 포항시 남구 동남동쪽 33km 해역
6/13/2016 12:33,2.7,34.3,124.68,전남 신안군 흑산면 서남서쪽 82km 해역
6/7/2016 16:06,2.3,33.05,126.17,제주 제주시 고산 남쪽 27km 해역
6/5/2016 10:11,2.2,36,129.58,경북 포항시 남구 동쪽 20km 해역
6/3/2016 4:53,3,36.39,127.92,경북 상주시 서쪽 22km 지역
5/24/2016 4:52,2.3,33.61,125.56,제주 제주시 고산 서북서쪽 66km 해역
5/22/2016 1:22,3.5,40.68,127.15,북한 함경남도 장진 북북서쪽 34km 지역
5/3/2016 3:29,2.4,37.11,129.02,강원 태백시 남남동쪽 7km 지역
4/30/2016 22:46,2.6,37.75,125.4,북한 황해남도 옹진 남쪽 20km 지역
4/28/2016 10:16,2.4,35.42,128.56,경남 창녕군 남남동쪽 15km 지역
4/27/2016 19:27,2.3,35.57,128.34,경남 합천군 동쪽 16km 지역
4/25/2016 11:42,2.3,33.51,125.91,제주 제주시 고산 북서쪽 34km 해역
4/21/2016 15:55,2.7,33.53,125.89,제주 제주시 고산 북서쪽 36km 해역
4/21/2016 15:53,2.7,33.52,125.92,제주 제주시 고산 북서쪽 34km 해역
4/13/2016 5:28,2.1,35.92,127.93,경북 김천시 남남서쪽 28km 지역
3/28/2016 14:34,2.9,35.22,127.96,경남 진주시 서북서쪽 12km 지역
3/27/2016 18:28,3.1,39.38,126.06,북한 평안남도 성천 북서쪽 20km 지역
3/27/2016 14:52,2.3,35.33,130.04,울산 동구 동남동쪽 59km 해역
3/15/2016 3:38,2.5,37.6,129.82,강원 삼척시 동북동쪽 60km 해역
3/15/2016 3:00,2.7,36.31,128.21,경북 상주시 남남동쪽 12km 지역
3/14/2016 5:17,3.1,38.71,125.87,북한 황해북도 송림 동쪽 21km 지역
3/5/2016 11:11,3.3,35.61,129.82,울산 동구 동북동쪽 38km 해역
3/2/2016 14:04,2.7,36.35,127.2,충남 공주시 남동쪽 13km 지역
2/28/2016 16:52,2.5,38.73,125.85,북한 황해북도 송림 동쪽 19km 지역
2/26/2016 18:46,2.2,33.23,127.19,제주 서귀포시 성산 동남동쪽 34km 해역
2/24/2016 23:22,2.9,33.52,125.92,제주 제주시 고산 북서쪽 34km 해역
2/11/2016 5:57,3.1,36.21,127.48,충남 금산군 북쪽 12km 지역
1/31/2016 3:03,2,36.95,129.92,경북 울진군 동쪽 46km 해역
1/25/2016 18:40,2.3,36.22,128.69,경북 의성군 남쪽 14km 지역
1/23/2016 7:14,2.4,38.42,126.25,북한 황해북도 평산 북서쪽 16km 지역
1/6/2016 20:39,3,36.01,128.07,경북 김천시 남쪽 14km 지역
12/22/2015 4:31,3.9,36.02,126.95,전북 익산시 북쪽 8km 지역
12/11/2015 1:25,2.1,36.9,126.58,충남 당진시 서북서쪽 5km 지역
11/24/2015 14:10,2.4,35.69,129.75,울산 동구 북동쪽 36km 해역
11/24/2015 11:27,3.2,35.67,129.82,울산 동구 동북동쪽 41km 해역
11/13/2015 20:04,2.6,35.8,129.42,경북 경주시 동남동쪽 19km 지역
10/30/2015 15:17,2.9,35.74,129.37,경북 경주시 남동쪽 18km 지역
10/26/2015 23:29,2.1,34.09,126.85,전남 완도군 남남동쪽 26km 해역
10/11/2015 0:55,2.1,33.3,127.02,제주 서귀포시 성산 남동쪽 16km 해역
10/1/2015 14:06,2.1,35.78,129.14,경북 경주시 남서쪽 9km 지역
10/1/2015 9:21,2.5,35.78,129.14,경북 경주시 남서쪽 9km 지역
9/18/2015 10:12,2.1,34.7,128.75,경남 통영시 매물도 동북동쪽 17km 해역
9/3/2015 4:53,2.7,33.27,127.04,제주 서귀포시 성산 남동쪽 20km 해역
9/1/2015 13:47,2.5,39.09,126.53,북한 평안남도 양덕 남서쪽 16km 지역
8/23/2015 9:19,2.5,36.38,129.77,경북 영덕군 동쪽 36km 해역
8/17/2015 16:56,2.5,37.2,125.38,인천 옹진군 연평도 남남서쪽 59km 해역
8/12/2015 17:09,2.2,37.17,127.5,경기 이천시 남남동쪽 13km 지역
8/3/2015 10:11,3.7,33.26,127.06,제주 서귀포시 성산 남동쪽 22km 해역
8/2/2015 3:22,2.1,37.19,128.44,강원 영월군 서북서쪽 2km 지역
8/1/2015 23:58,2.2,35.32,127.45,전남 구례군 북쪽 13km 지역
7/30/2015 9:39,2.2,35.15,127.98,경남 사천시 북서쪽 12km 지역
7/23/2015 4:02,2.6,33.22,127.05,제주 서귀포시 성산 남동쪽 24km 해역
7/20/2015 1:33,2.2,33.26,127.21,제주 서귀포시 성산 동남동쪽 34km 해역
7/18/2015 21:15,2.3,36.07,128.08,경북 김천시 남남서쪽 7km 지역
7/14/2015 14:34,2.8,33.24,127.01,제주 서귀포시 성산 남동쪽 20km 해역
7/8/2015 11:01,2,37.63,125.86,인천 옹진군 연평도 동남동쪽 14km 해역
7/4/2015 8:49,2.1,36.32,128.18,경북 상주시 남쪽 10km 지역
6/22/2015 12:44,2.4,36.35,127.24,충남 공주시 남동쪽 15km 지역
6/22/2015 12:02,2.6,35.85,125,충남 태안군 서격렬비도 남남서쪽 96km 해역
6/17/2015 0:55,2.3,38.41,125.57,북한 황해남도 안악 남남동쪽 13km 지역
6/7/2015 20:54,2.1,33.79,126.16,제주 제주시 북서쪽 48km 해역
6/2/2015 1:01,2,36.76,129.98,경북 울진군 동남동쪽 57km 해역
4/24/2015 10:14,2.3,35.88,129.69,경북 포항시 남구 동남동쪽 33km 해역
4/21/2015 2:05,2.1,35.88,129.75,경북 포항시 남구 동남동쪽 38km 해역
4/15/2015 4:10,2.9,35.14,129.93,울산 동구 남동쪽 61km 해역
4/13/2015 18:02,3.3,37.18,125.47,인천 옹진군 연평도 남남서쪽 58km 해역
3/19/2015 16:20,2.7,36.43,127.65,충북 옥천군 북북동쪽 16km 지역
3/19/2015 12:54,2.2,34.16,128.37,경남 통영시 욕지도 남남동쪽 54km 해역
3/10/2015 13:10,2.7,37.36,125.15,인천 옹진군 연평도 남서쪽 59km 해역
2/23/2015 4:54,2.7,32.96,126.25,제주 제주시 고산 남남동쪽 38km 해역
2/19/2015 14:25,2.1,36.09,125.05,충남 태안군 서격렬비도 남서쪽 71km 해역
2/3/2015 19:54,2.1,33.61,127.57,전남 여수시 거문도 남남동쪽 52km 해역
1/31/2015 5:10,2.2,36.6,129.45,경북 영덕군 북북동쪽 22km 해역
1/8/2015 20:15,3.5,37.51,125.63,인천 옹진군 연평도 남남서쪽 18km 해역
1/6/2015 13:06,2.8,38.43,126.28,북한 황해북도 평산 북서쪽 17km 지역
12/30/2014 15:36,2.6,35.21,124.79,전남 신안군 흑산면 북서쪽 88km 해역
12/24/2014 20:33,2.1,35.89,127.33,전북 완주군 동쪽 15km 지역
12/15/2014 9:08,2.1,39.09,126.52,북한 평안남도 양덕 남서쪽 16km 지역
12/8/2014 5:28,3.3,34.75,127.17,전남 보성군 동남동쪽 8km 지역
11/15/2014 3:31,2.5,38.77,126.36,북한 황해북도 신계 북북서쪽 34km 지역
11/6/2014 14:48,2.3,33.34,125.89,제주 제주시 고산 서북서쪽 26km 해역
11/6/2014 4:25,2.5,37.23,126.44,인천 옹진군 남남서쪽 30km 해역
10/28/2014 19:07,2.2,38,125.34,북한 황해남도 옹진 북북동쪽 8km 지역
10/21/2014 6:33,2.3,35.21,129.49,부산 기장군 동쪽 24km 해역
10/20/2014 21:15,2.2,33.68,125.88,제주 제주시 고산 북북서쪽 50km 해역
10/19/2014 19:57,2.6,36.44,128.19,경북 상주시 북동쪽 4km 지역
10/11/2014 22:11,2.3,37.73,129.43,강원 동해시 북동쪽 36km 해역
10/7/2014 1:57,2.9,33.3,125.96,제주 제주시 고산 서쪽 19km 해역
10/1/2014 16:34,2.2,36.67,125.45,충남 태안군 서격렬비도 북서쪽 11km 해역
9/28/2014 21:32,3.2,37.24,126.44,인천 옹진군 남서쪽 30km 지역
9/25/2014 2:26,3.8,35.07,129.94,울산 동구 남동쪽 67km 해역
9/23/2014 15:27,3.5,35.8,129.41,경북 경주시 동남동쪽 18km 지역
9/9/2014 0:24,2.2,35.68,129.38,경북 경주시 남동쪽 23km 지역
8/21/2014 22:30,2.7,33.87,127.83,전남 여수시 거문도 동남동쪽 51km 해역
8/18/2014 5:13,2.1,36.57,125.64,충남 태안군 서격렬비도 동남동쪽 10km 해역
8/16/2014 0:51,2.1,33.59,126.58,제주 제주시 북북동쪽 11km 해역
8/10/2014 18:07,2.4,38.15,126.63,북한 개성 북북동쪽 21km 지역
8/5/2014 6:16,2.5,40.11,127.2,북한 함경남도 신흥 서북서쪽 20km 지역
8/2/2014 1:32,2.2,37.4,127.2,경기 광주시 서남서쪽 5km 지역
7/4/2014 6:27,2.2,34.51,125.41,전남 신안군 흑산면 남남서쪽 17km 해역
7/4/2014 4:13,2.9,35.66,129.78,울산 동구 동북동쪽 37km 해역
7/4/2014 0:11,2.5,35.65,129.81,울산 동구 동북동쪽 39km 해역
7/3/2014 22:04,2.6,35.66,129.82,울산 동구 동북동쪽 40km 해역
7/3/2014 21:57,3.5,35.66,129.76,울산 동구 동북동쪽 35km 해역
6/21/2014 8:29,2.6,38.77,125.89,북한 황해북도 송림 동쪽 22km 지역
6/18/2014 9:59,2.1,35.91,128.66,대구 동구 북쪽 4km 지역
6/8/2014 4:05,2.6,33.52,125.96,제주 제주시 고산 북서쪽 31km 해역
6/5/2014 13:29,2.3,35.97,128.62,대구 동구 북쪽 10km 지역
5/15/2014 8:46,3.4,33,126.21,제주 제주시 고산 남쪽 33km 해역
4/26/2014 14:08,2.7,36.46,127.93,경북 상주시 서북서쪽 21km 지역
4/25/2014 12:14,2.9,35.97,128.04,경북 김천시 남남서쪽 19km 지역
4/13/2014 14:02,2.9,36.93,124.52,충남 태안군 서격렬비도 서북서쪽 97km 해역
4/12/2014 1:44,2.6,33.52,126.9,제주 제주시 동쪽 34km 지역
4/8/2014 6:19,2.7,36.96,124.44,충남 태안군 서격렬비도 서북서쪽 105km 해역
4/1/2014 9:25,2.3,36.95,124.5,충남 태안군 서격렬비도 서북서쪽 100km 해역
4/1/2014 4:48,5.1,36.95,124.5,충남 태안군 서격렬비도 서북서쪽 100km 해역
3/28/2014 10:40,3,36.47,127.93,경북 상주시 서북서쪽 22km 지역
3/14/2014 12:59,2.5,39.41,126.09,북한 평안남도 성천 북북서쪽 21km 지역
3/11/2014 11:39,2.7,35.86,128.47,대구 달성군 서북서쪽 9km 지역
2/28/2014 3:20,2.4,38.74,125.01,북한 남포 서쪽 22km 해역
2/22/2014 20:44,2.6,38.31,124.27,북한 황해남도 용연군 장산곶 서북서쪽 42km 해역
2/21/2014 21:17,2.7,35.05,127.75,전남 광양시 북북동쪽 13km 지역
2/5/2014 23:06,2.8,38.26,124.4,북한 황해남도 용연군 장산곶 서북서쪽 29km 해역
1/29/2014 6:08,2.2,36.23,128.8,경북 의성군 남동쪽 16km 지역
12/19/2013 12:38,2.9,38.11,127.11,경기 연천군 동북동쪽 3km 지역
12/13/2013 11:40,2.5,36.1,129.04,경북 영천시 북북동쪽 17km 지역
12/8/2013 16:38,2.8,33.44,125.09,제주 제주시 고산 서쪽 101km 해역
12/4/2013 6:28,2.4,38.71,125.69,북한 황해북도 송림 동남동쪽 6km 지역
12/3/2013 21:00,2.5,35.64,128.72,경북 청도군 서남서쪽 2km 지역
12/2/2013 20:02,2.8,38.56,126.1,북한 황해북도 사리원 동북동쪽 30km 지역
11/26/2013 2:26,2.1,37.12,128.11,충북 제천시 서남서쪽 10km 지역
11/22/2013 23:29,2.1,36.99,126.4,충남 서산시 북북서쪽 24km 지역
11/20/2013 21:07,2.1,38.47,126.17,북한 황해북도 평산 북서쪽 25km 지역
11/16/2013 22:32,2.1,38.51,125.66,북한 황해북도 사리원 서쪽 9km 지역
11/10/2013 16:28,2,37.66,124.67,인천 백령도 남쪽 33km 해역
11/8/2013 21:02,3,36.24,126.36,충남 보령시 서남서쪽 25km 해역
11/8/2013 19:14,2.6,36.23,126.36,충남 보령시 서남서쪽 25km 해역
10/26/2013 6:47,2.7,37.96,124.61,인천 백령도 서쪽 6km 해역
10/19/2013 0:16,2,35.96,128.06,경북 김천시 남쪽 20km 지역
10/11/2013 16:06,3.6,36.46,129.61,경북 영덕군 동북동쪽 22km 해역
10/10/2013 13:08,2.6,35.36,128.23,경남 의령군 북서쪽 5km 지역
9/15/2013 13:16,2.3,36.55,129.23,경북 영양군 남동쪽 16km 지역
9/14/2013 17:33,2.2,36.2,126.16,충남 보령시 서남서쪽 43km 해역
9/11/2013 13:00,4,33.56,125.39,전남 신안군 가거도 남남동쪽 60km 해역
8/29/2013 8:35,2.5,38.19,129.3,강원 강릉시 북동쪽 60km 해역
8/13/2013 0:36,3,36.91,129.44,경북 울진군 남남동쪽 10km 해역
8/13/2013 0:01,2.1,36.92,129.44,경북 울진군 남남동쪽 8km 해역
8/12/2013 4:39,2.3,35.66,129.77,울산 동구 동북동쪽 36km 해역
8/12/2013 4:33,3.1,35.66,129.75,울산 동구 동북동쪽 35km 해역
8/11/2013 4:19,2.3,38.48,126.13,북한 황해북도 평산 북서쪽 28km 지역
8/10/2013 12:43,2.6,35.9,129.75,경북 포항시 남구 동남동쪽 37km 해역
8/7/2013 21:08,2,36.19,126.08,충남 보령시 서남서쪽 51km 해역
8/4/2013 19:58,2.3,36.2,126.16,충남 보령시 서남서쪽 43km 해역
8/1/2013 17:22,3.1,36.19,126.17,충남 보령시 서남서쪽 43km 해역
8/1/2013 0:57,2.8,36.23,126.22,충남 보령시 서남서쪽 37km 해역
7/31/2013 22:30,3.2,36.21,126.18,충남 보령시 서남서쪽 41km 해역
7/31/2013 20:27,2.2,36.2,126.17,충남 보령시 서남서쪽 43km 해역
7/31/2013 20:05,2.2,36.21,126.17,충남 보령시 서남서쪽 42km 해역
7/30/2013 14:57,2.7,36.21,126.14,충남 보령시 서남서쪽 45km 해역
7/29/2013 10:29,2.7,36.2,126.13,충남 보령시 서남서쪽 46km 해역
7/28/2013 9:10,2.8,36.2,126.14,충남 보령시 서남서쪽 45km 해역
7/26/2013 11:23,2.2,36.19,126.14,충남 보령시 서남서쪽 45km 해역
7/23/2013 16:03,2.7,36.19,126.16,충남 보령시 서남서쪽 44km 해역
7/15/2013 19:44,2.5,36.2,126.15,충남 보령시 서남서쪽 44km 해역
7/15/2013 1:39,2.4,33.03,125.68,제주 제주시 고산 서남서쪽 68km 해역
7/13/2013 2:02,3.5,36.2,126.18,충남 보령시 서남서쪽 42km 해역
7/1/2013 11:24,3,38.78,126.36,북한 황해북도 신계 북북서쪽 35km 지역
6/29/2013 13:32,2.3,36.2,126.17,충남 보령시 서남서쪽 43km 해역
6/27/2013 19:33,2.5,36.2,126.14,충남 보령시 서남서쪽 45km 해역
6/24/2013 18:26,2.1,38.04,129.75,강원 동해시 북동쪽 80km 해역
6/24/2013 5:28,2.3,36.2,126.17,충남 보령시 서남서쪽 43km 해역
6/22/2013 11:18,2.3,36.2,126.17,충남 보령시 서남서쪽 43km 해역
6/22/2013 10:37,2.8,36.19,126.16,충남 보령시 서남서쪽 44km 해역
6/22/2013 3:51,2.5,36.2,126.17,충남 보령시 서남서쪽 43km 해역
6/21/2013 21:55,2.4,36.2,126.19,충남 보령시 서남서쪽 41km 해역
6/21/2013 16:29,2.2,36.19,126.14,충남 보령시 서남서쪽 45km 해역
6/20/2013 12:35,2.4,39.23,125.95,북한 평안남도 평성 동쪽 8km 지역
6/19/2013 16:02,2.6,36.19,126.16,충남 보령시 서남서쪽 44km 해역
6/19/2013 1:52,2.3,36.2,126.16,충남 보령시 서남서쪽 43km 해역
6/18/2013 2:31,2.3,36.21,126.18,충남 보령시 서남서쪽 41km 해역
6/17/2013 20:31,2.4,36.2,126.17,충남 보령시 서남서쪽 43km 해역
6/16/2013 22:12,2.5,36.2,126.16,충남 보령시 서남서쪽 43km 해역
6/16/2013 19:47,2.1,36.19,126.15,충남 보령시 서남서쪽 45km 해역
6/10/2013 14:01,2.1,37.71,124.7,인천 백령도 남쪽 27km 해역
6/8/2013 5:56,3.2,35.14,126.96,광주 동구 동쪽 3km 지역
6/5/2013 12:34,2.6,36.23,126.18,충남 보령시 서남서쪽 41km 해역
5/22/2013 23:25,2.1,38.75,128.81,강원 고성군 북동쪽 51km 해역
5/21/2013 16:17,3.7,37.66,124.71,인천 백령도 남쪽 33km 해역
5/19/2013 5:27,2.3,37.73,124.74,인천 백령도 남남동쪽 25km 해역
5/18/2013 16:18,2.1,37.69,124.61,인천 백령도 남남서쪽 30km해역
5/18/2013 14:09,2.6,37.71,124.68,인천 백령도 남쪽 27km 해역
5/18/2013 11:45,3.9,37.67,124.61,인천 백령도 남쪽 32km 해역
5/18/2013 9:32,2.5,37.64,124.57,인천 백령도 남남서쪽 36km 해역
5/18/2013 9:13,2.4,37.67,124.62,인천 백령도 남쪽 32km 해역
5/18/2013 7:54,2.5,37.69,124.65,인천 백령도 남쪽 29km 해역
5/18/2013 7:26,3.3,37.67,124.66,인천 백령도 남쪽 31km 해역
5/18/2013 7:24,2.2,37.69,124.65,인천 백령도 남쪽 29km 해역
5/18/2013 7:02,4.9,37.68,124.63,인천 백령도 남쪽 31km 해역
5/18/2013 3:00,3.5,37.68,124.6,인천 백령도 남남동쪽 31km 해역
5/15/2013 8:48,2.8,37.69,124.74,인천 백령도 남쪽 30km 해역
5/15/2013 8:34,2.7,37.71,124.68,인천 백령도 남쪽 27km 해역
5/14/2013 20:17,2.8,37.7,124.79,인천 백령도 남남동쪽 30km 해역
4/30/2013 10:58,2,36.46,129.63,경북 영덕군 동북동쪽 24km 해역
4/30/2013 5:26,2.5,36.47,129.61,경북 영덕군 동북동쪽 23km 해역
4/28/2013 3:39,2.7,33.65,127.29,전남 여수시 거문도 남쪽 42km 해역
4/21/2013 18:21,2.7,35.14,124.49,전남 신안군 흑산면 서북서쪽 105km 해역
4/21/2013 8:21,4.9,35.16,124.56,전남 신안군 흑산면 북서쪽 101km 해역
4/19/2013 23:46,2.2,36.55,129.6,경북 영덕군 북동쪽 26km 해역
4/17/2013 21:33,2.3,36.56,129.61,경북 영덕군 북동쪽 27km 해역
4/14/2013 16:16,2.3,38.2,129.29,강원 양양군 동북동쪽 60km 해역
4/10/2013 13:07,2.2,36.5,127.44,충북 청원군 남남서쪽 16km 지역
2/7/2013 22:07,2.2,35.76,129.13,경북 경주시 남서쪽 12km 지역
2/5/2013 21:25,3.5,35.77,127.97,경남 거창군 북북동쪽 11km 지역
2/4/2013 5:39,3.1,36.55,128.9,경북 안동시 동쪽 15km 지역
1/26/2013 8:57,2.4,36.11,127.73,충북 영동군 남서쪽 9km 지역
1/15/2013 13:31,2.8,36.59,129.73,경북 영덕군 동북동쪽 38km 해역
1/2/2013 5:53,2.5,33.37,127.27,제주 서귀포시 성산 동쪽 36km 해역
12/19/2012 15:05,2.2,35.72,127.22,전북 완주군 남남동쪽 21km 지역
11/22/2012 3:04,3,35.22,127.97,경남 진주시 서북서쪽 11km 지역
10/17/2012 14:37,2.5,37.54,124.84,인천 백령도 남남동쪽 48km 해역
10/1/2012 6:51,2.4,36.73,128.4,경북 예천군 북북서쪽 10km 지역
9/28/2012 19:36,2.1,36.41,128.73,경북 의성군 북북동쪽 7km 지역
9/27/2012 22:24,2.7,35.4,126.08,전북 부안군 위도 남서쪽 30km 해역
9/24/2012 9:59,2.5,38.73,125.48,북한 남포 남동쪽 4km 지역
9/20/2012 2:43,2.4,35.61,129.82,울산 동구 동북동쪽 38km 해역
9/19/2012 14:52,2.2,34.66,128.75,경남 통영시 매물도 동쪽 16km 해역
9/19/2012 14:49,2.1,34.71,128.72,경남 통영시 매물도 동북동쪽 15km 해역
9/18/2012 5:39,2.7,33.53,125.81,제주 제주시 고산 북서쪽 42km 해역
9/10/2012 22:06,2.1,35.82,129.41,경북 경주시 동쪽 18km 지역
9/7/2012 2:34,3.1,36.4,127.25,충남 공주시 동남동쪽 12km 지역
8/18/2012 18:06,2.2,36.2,125.26,충남 태안군 서격렬비도 남남서쪽 51km 해역
8/13/2012 0:54,2.2,36.84,128.68,경북 영주시 북동쪽 6km 지역
8/10/2012 21:25,2.6,35.82,128.39,경북 고령군 북동쪽 16km 지역
7/29/2012 3:22,2.7,32.85,126.02,제주 제주시 고산 남남서쪽 51km 해역
7/26/2012 19:24,3.4,37.98,125.45,북한 황해남도 옹진 북동쪽 10km 지역
7/22/2012 12:04,2.3,34.69,126.6,전남 영암군 남서쪽 15km 지역
7/14/2012 2:38,2.6,33.78,124.97,전남 신안군 가거도 남남서쪽 34km 해역
7/11/2012 19:33,2.1,36.87,125.28,충남 태안군 서격렬비도 북서쪽 38km 해역
7/11/2012 19:27,2.5,36.9,125.27,충남 태안군 서격렬비도 북서쪽 41km 해역
7/9/2012 8:59,2.4,35.32,128.71,경남 창원시 북북동쪽 11km지역
7/8/2012 9:43,2.5,35.72,129.35,경북 경주시 남동쪽 18km 지역
7/3/2012 9:42,2.2,37.19,129.08,강원 삼척시 남남서쪽 30km 지역
6/24/2012 1:20,2.1,37.53,124.56,인천 백령도 남남서쪽 48km 해역
6/23/2012 16:42,2.6,36.7,128.31,경북 문경시 북동쪽 17km 지역
6/19/2012 20:55,3.1,33.48,125.93,제주 제주시 고산 북서쪽 30km 해역
6/14/2012 6:15,2.1,39.72,126.92,북한 함경남도 요덕 북동쪽 10km지역
6/12/2012 17:52,2.2,35.87,128.67,대구 수성구 동북동쪽 4km 지역
6/12/2012 13:34,2.4,37.33,125.27,인천 옹진군 연평도 남서쪽 53km 해역
6/12/2012 9:01,2.1,38.77,125.72,북한 황해북도 송림 동북동쪽 8km 지역
6/12/2012 3:42,2.1,36.32,127.51,충북 옥천군 서북서쪽 6km 지역
6/5/2012 8:18,2.1,38.43,126.16,북한 황해북도 평산 서북서쪽 23km 지역
6/1/2012 12:05,2.6,37.12,125.96,인천 옹진군 덕적도 서남서쪽 20km 해역
6/1/2012 8:09,2.3,35.92,127.61,전북 무주군 남남서쪽 10km 지역
5/30/2012 2:48,3.4,36.57,129.57,경북 영덕군 북동쪽 25km 해역
5/16/2012 17:50,2.7,36.23,128.49,경북 군위군 서쪽 8km 지역
5/15/2012 11:05,2.9,35.92,129.62,경북 포항시 남구 동남동쪽 25km 해역
5/11/2012 12:46,3.9,36.02,127.71,전북 무주군 동북동쪽 5km 지역
5/2/2012 5:04,2.1,35.77,126.81,전북 김제시 서남서쪽 7km 지역
5/2/2012 1:33,3.4,33.69,126.04,제주 제주시 고산 북북서쪽 46km 해역
4/20/2012 21:11,3.1,33.43,127.26,제주 서귀포시 성산 동쪽 36km 해역
4/17/2012 13:31,2.6,35.72,126.51,전북 부안군 서쪽 20km 해역
3/30/2012 14:51,2.3,36.49,127.91,경북 상주시 서북서쪽 24km 지역
3/29/2012 0:26,2.2,35.34,125.95,전북 부안군 위도 남서쪽 43km 해역
3/18/2012 9:21,2.5,36.9,130.24,경북 울진군 동쪽 75km 해역
2/27/2012 0:26,2.5,35.15,129.85,울산 동구 남동쪽 55km 해역
2/24/2012 9:05,3.2,35.2,129.93,울산 동구 남동쪽 57km 해역
2/24/2012 0:54,2.4,35.13,129.85,울산 동구 남동쪽 57km 해역
2/21/2012 22:30,2.5,35.13,129.8,부산 기장군 동남동쪽 54km 해역
2/19/2012 20:21,2.7,35.13,129.89,울산 동구 남동쪽 59km 해역
1/24/2012 2:41,2.2,37.12,125.96,인천 옹진군 덕적도 서남서쪽 20km 해역
1/19/2012 15:43,2.7,38.51,126.23,북한 황해북도 평산 북서쪽 24km 지역
1/16/2012 3:03,2.2,36.79,128.75,경북 안동시 북쪽 25km 지역
1/1/2012 19:40,2,39.02,125.82,북한 평양 동쪽 6km 지역
12/27/2011 21:57,3.3,36.86,129.94,경북 울진군 동남동쪽 50km 해역
12/25/2011 0:01,2.3,37.12,128.99,강원 태백시 남쪽 5km 지역
12/14/2011 15:39,2,37.97,125.82,북한 황해남도 해주 남동쪽 12km 지역
11/30/2011 0:37,2.5,35.98,126.53,전북 군산시 서쪽 17km 해역
11/26/2011 4:03,2.2,34.23,127.67,전남 여수시 거문도 북동쪽 40km 해역
11/2/2011 7:20,3,35.54,130.65,울산 동구 동쪽 111km 해역
10/7/2011 19:04,2.7,33.34,127.19,제주 서귀포시 성산 동쪽 29km 해역
9/28/2011 13:20,2.6,38.48,126.26,북한 황해북도 평산 북서쪽 20km 지역
9/26/2011 22:12,3.3,34.58,128.12,경남 남해군 남동쪽 36km 해역
9/25/2011 12:59,2.6,35.58,125.9,전북 부안군 위도 서쪽 36km 해역
9/21/2011 23:59,2.6,35.91,125.21,전북 군산시 어청도 서남서쪽 72km 해역
9/8/2011 1:56,3.2,38.82,126,북한 황해북도 사리원 북동쪽 19km 지역
8/31/2011 19:39,2.6,35.7,129.75,울산 동구 북동쪽 37km 해역
8/20/2011 13:22,2.2,38.46,127.83,북한 강원 회양 남동쪽 34km 지역
8/20/2011 6:57,3,37.5,124.46,인천 백령도 남남서쪽 54km 해역
8/15/2011 6:10,3.2,38.47,125.63,북한 황해북도 사리원 서남서쪽 12km 지역
8/9/2011 12:11,2.5,35.66,129.76,울산 동구 동북동쪽 35km 해역
7/28/2011 11:28,2.2,35.9,129.7,경북 포항시 남구 동남동쪽 35km 해역
7/27/2011 14:38,2.8,36.55,129.56,경북 영덕군 북동쪽 23km 해역
7/19/2011 14:54,2.4,37.89,124.67,인천 백령도 남쪽 7km 해역
7/13/2011 4:05,2.1,35.91,128.39,경북 성주군 동쪽 9km 지역
7/5/2011 2:13,2.3,38.58,126.36,북한 황해북도 신계 서북서쪽 18km 지역
6/27/2011 14:11,2.9,35.52,126.14,전북 부안군 위도 서남서쪽 17km 해역
6/17/2011 16:57,2.4,37.9,124.81,인천 백령도 동남동쪽 13km 해역
6/17/2011 16:38,4,37.89,124.81,인천 백령도 동남동쪽 13km 해역
6/16/2011 8:13,2.8,33.62,127.27,제주 서귀포시 성산 북동쪽 44km 해역
6/15/2011 14:21,3.7,33.71,127.81,전남 여수시 거문도 남동쪽 58km 해역
6/9/2011 15:13,2.6,35.91,129.7,경북 포항시 남구 동남동쪽 32km 해역
6/8/2011 14:21,3,35.08,125.3,전남 신안군 흑산면 북북서쪽 50km 해역
6/5/2011 22:53,2.5,36.05,127.53,충남 금산군 남남동쪽 7km 지역
6/2/2011 10:50,2.9,36.7,127.94,경북 문경시 서북서쪽 26km 지역
6/2/2011 8:09,2.9,33.59,127.26,제주 서귀포시 성산 동북동쪽 42km 해역
5/29/2011 10:22,3.2,35.58,128.75,경북 청도군 남쪽 8km 지역
5/28/2011 15:41,2.5,35.93,129.69,경북 포항시 남구 동남동쪽 31km 해역
5/25/2011 18:29,2.3,33.61,127.28,제주 서귀포시 성산 동북동쪽 31km 해역
5/11/2011 21:08,2.2,39.33,126.22,북한 평안남도 성천 북쪽 10km 지역
4/24/2011 16:37,3.1,37.85,125.01,인천 백령도 동남동쪽 31km 해역
4/11/2011 23:48,2.8,39.13,125.87,북한 평안남도 평성 남쪽 12km 지역
4/11/2011 6:11,3.1,37.72,129.07,강원 강릉시 동남동쪽 16km 해역
4/3/2011 1:47,2.7,35.77,128.53,대구 달성군 남남서쪽 7km 지역
3/28/2011 13:50,3.2,35.97,129.95,경북 포항시 북구 동쪽 53km 해역
3/24/2011 4:35,2.8,36.34,127.83,충북 옥천군 동쪽 23km 지역
3/14/2011 14:47,2.9,34.62,126.1,전남 신안군 남서쪽 31km 해역
3/13/2011 3:12,2.3,37.5,125.33,인천 옹진군 연평도 서남서쪽 38km 해역
3/12/2011 8:15,2.6,37,125.27,충남 태안군 서격렬비도 북북서쪽 50km 해역
3/11/2011 9:57,2.5,38.51,127.57,북한 강원 회양 남쪽 22km 지역
3/6/2011 11:04,2.9,38.66,125.67,북한 황해북도 송림 남남동쪽 9km 지역
2/27/2011 18:50,3.5,33.65,125.9,제주 제주시 고산 북북서쪽 47km 해역
2/11/2011 19:21,2.2,37.19,129.06,강원 삼척시 남남서쪽 30km 지역
1/26/2011 22:15,2.7,33.4,127.33,제주 서귀포시 성산 동쪽 42km 해역
1/21/2011 10:56,2.2,33.7,127.38,전남 여수시 거문도 남쪽 37km 해역
1/4/2011 1:22,2,36.41,127.15,충남 공주시 남동쪽 4km 지역
12/20/2010 6:56,2.2,36.93,125.5,충남 태안군 서격렬비도 북북서쪽 35km 해역
12/19/2010 9:11,2.6,37.31,129.38,강원 삼척시 남동쪽 24km 해역
11/28/2010 10:15,2.3,35.18,127.02,전남 담양군 남쪽 16km 지역
11/27/2010 7:51,2.8,35.95,129.79,경북 포항시 남구 동쪽 39km 해역
11/20/2010 0:07,2.7,36.83,126.76,충남 당진시 동남동쪽 13km 지역
11/7/2010 20:11,2.8,40.15,128.28,북한 함경남도 북청 서북서쪽 11km 지역
10/25/2010 12:36,2.5,34.29,127.39,전남 여수시 거문도 북북동쪽 30km 지역
10/23/2010 23:43,2.4,39.77,126.7,북한 함경남도 요덕 북서쪽 19km 지역
10/22/2010 11:59,2.5,35.85,128.18,경북 성주군 남서쪽 12km 지역
10/14/2010 18:06,2.3,37.14,129.73,경북 울진군 동북동쪽 33km 해역
10/7/2010 2:33,2.8,35.87,129.79,경북 포항시 남구 동남동쪽 41km 해역
10/4/2010 23:24,2.8,37.67,129.7,강원 삼척시 동북동쪽 53km 해역
9/30/2010 2:07,2.5,33.41,127.34,제주 제주시 동남동쪽 67km 해역
9/6/2010 19:32,2.8,36.56,129.01,경북 청송군 북북서쪽 15km 지역
8/28/2010 7:35,3.2,32.9,126.27,제주 제주시 고산 남남동쪽 45km 해역
8/24/2010 3:59,2.5,38.71,125.9,북한 황해북도 송림 동쪽 23km 지역
7/27/2010 18:32,2.2,36.34,127.26,충남 공주시 남동쪽 17km 지역
7/6/2010 3:44,2.3,36.47,127.13,충남 공주시 북북동쪽 3km 지역
6/28/2010 12:19,2.1,38.75,126.03,북한 황해북도 송림 동쪽 34km 지역
6/26/2010 4:59,2.7,32.35,125.88,제주 서귀포시 이어도 동북동쪽 70km 해역
6/22/2010 22:21,2.6,38.46,125.64,북한 황해북도 사리원 서남서쪽 12km 지역
6/11/2010 13:02,2.1,38.78,126.07,북한 황해북도 송림 동쪽 38km 지역
5/26/2010 15:22,2.4,37.6,129.68,강원 삼척시 동북동쪽 48km 해역
5/15/2010 14:44,2.2,36,127.84,전북 무주군 동쪽 16km 지역
4/28/2010 14:42,2.1,36.55,128.71,경북 안동시 남서쪽 3km 지역
4/27/2010 19:29,2.3,36.8,128.75,경북 안동시 북쪽 26km 지역
4/16/2010 19:56,2.2,38.78,126.01,북한 황해북도 송림 동쪽 29km 지역
4/13/2010 2:14,2.5,34.02,125.44,전남 신안군 흑산면 남쪽 70km 해역
4/12/2010 1:18,2.2,34.12,125.66,전남 신안군 흑산면 남남동쪽 61km 해역
4/4/2010 12:49,2.3,38.51,126.06,북한 황해북도 사리원 동쪽 26km 지역
3/9/2010 12:50,3.2,36.42,125.75,충남 태안군 서격렬비열도 남동쪽 28km 해역
3/1/2010 21:58,2.2,38.41,125.62,북한 황해남도 안악 남동쪽 15km 지역
2/22/2010 23:29,3,33.29,127.17,제주 서귀포시 동쪽 61km 해역
2/21/2010 21:17,2.3,36.75,127.1,충남 천안시 남서쪽 8km 지역
2/16/2010 18:53,3.3,35.63,129.95,울산 동구 동북동쪽 64km 해역
2/9/2010 18:08,3,37.45,126.8,경기 시흥시 북쪽 8km 지역
2/3/2010 20:57,2.6,33.33,127.19,제주 서귀포시 성산 동남동쪽 29km 해역
2/1/2010 6:42,2.4,33.34,127.18,제주 서귀포시 성산 동쪽 28km 해역
2/1/2010 5:00,2.3,33.3,127.14,제주 서귀포시 성산 동남동쪽 26km 해역
1/23/2010 17:54,2.1,36.59,128.17,경북 상주시 북쪽 20km 지역
1/10/2010 11:58,2.1,38.8,126.07,북한 평양 남동쪽 37km 지역
1/5/2010 20:12,2.6,36.97,126.52,충남 당진군 북서쪽 13km 지역
12/26/2009 10:55,2.2,37.87,124.91,북한 인천 백령도 동남동쪽 22km 해역
12/15/2009 9:02,2.4,36.76,127.1,충남 아산시 동남동쪽 9km 지역
12/15/2009 7:19,2.3,38.8,125.94,북한 황해북도 송림 동북동쪽 27km 지역
12/11/2009 13:13,2.8,33.69,125.64,전남 신안군 가거도 남동쪽 62km 해역
12/4/2009 5:14,2.8,36.72,128.55,경북 예천군 북동쪽 11km 지역
11/27/2009 10:34,2.4,37.69,129.58,강원 동해시 동북동쪽 44km 해역
11/17/2009 5:38,2.3,36.07,126.95,전북 익산시 북쪽 14km 지역
11/14/2009 21:27,2.5,34.81,127.93,경남 남해군 남동쪽 4km 지역
11/14/2009 5:28,2.4,35.66,126.91,전북 정읍시 북동쪽 14km 지역
11/5/2009 4:31,2.7,38.42,124.87,북한 황해남도 장연 서북서쪽 50km 해역
10/16/2009 13:12,2.3,33.4,127.29,제주 서귀포시 성산 동쪽 38km 해역
10/4/2009 12:00,2.5,39.38,126.05,북한 평안남도 평성 북북동쪽 17km 지역
10/1/2009 21:30,2.9,38.12,126.02,북한 황해남도 해주 동북동쪽 28km 지역
8/25/2009 23:08,2.4,37.68,124.68,인천 백령도 남쪽 30km 해역
8/21/2009 23:02,3.8,38.82,125.79,북한 황해북도 송림 북동쪽 16km 지역
8/17/2009 15:24,2.4,36.54,129.6,경북 영덕군 북동쪽 24km 해역
8/15/2009 3:18,2.6,36.52,129.61,경북 영덕군 북동쪽 23km 해역
7/30/2009 9:27,2.6,35.85,126.29,전북 부안군 위도 북쪽 27km 해역
7/17/2009 13:14,2.5,38.45,126.15,북한 황해북도 평산 서북서쪽 25km 지역
7/15/2009 4:04,3,35.14,125.1,전남 신안군 흑산면 북북서쪽 61km 해역
7/1/2009 8:55,2.6,37.84,124.94,인천 백령도 남동쪽 30km 해역
6/29/2009 11:52,2.7,37.14,126,인천 옹진군 덕적도 서남서쪽 16km 해역
6/28/2009 22:07,3,35.78,128.29,경북 고령군 북북동쪽 7km 지역
6/25/2009 13:05,2.2,39.43,126.11,북한 평안남도 성천 서북서쪽 15km 지역
6/20/2009 21:14,2.2,38.03,126.62,북한 개성 북동쪽 8km 지역
6/20/2009 4:05,2.9,37.09,124.74,충남 태안군 서격렬비도 북서쪽 89km 해역
6/6/2009 1:56,2.4,35.09,125.06,전남 신안군 흑산면 북서쪽 62km 해역
6/6/2009 0:49,2.8,38.63,127.44,북한 강원 회양 서남서쪽 16km 지역
6/3/2009 20:09,2.9,38.57,126.5,북한 황해북도 신계 북북서쪽 9km 지역
6/3/2009 15:56,2.4,33.19,126.33,제주 서귀포시 서남서쪽 18km 해역
5/31/2009 15:24,2.3,38.6,126.43,북한 황해북도 신계 북서쪽 14km 지역
5/31/2009 0:10,2.5,33.52,125.85,제주 제주시 서쪽 63km 해역
5/26/2009 18:59,2.2,36.57,129.22,경북 영양군 남동쪽 14km 지역
5/25/2009 18:12,2.4,36.95,129.33,경북 울진군 남서쪽 8km 지역
5/15/2009 22:41,2.4,36.59,126.41,충남 태안군 남남동쪽 20km 해역
5/14/2009 20:50,2.2,36.25,127.13,충남 논산시 북쪽 11km 지역
5/2/2009 12:28,2.9,36.57,128.71,경북 안동시 서북서쪽 2km 지역
5/2/2009 7:58,4,36.56,128.71,경북 안동시 서남서쪽 2km 지역
4/29/2009 12:15,2.9,33.43,127.36,제주 서귀포시 성산 동쪽 45km 해역
4/21/2009 17:44,2,35.45,128.21,경남 의령군 북북서쪽 15km 지역
4/18/2009 20:19,2.5,33.39,127.07,제주 서귀포시 성산 동쪽 18km 해역
4/14/2009 4:51,2.5,38.45,125.65,북한 황해북도 사리원 서남서쪽 11km 지역
4/2/2009 20:28,3,37.6,125.95,인천 강화군 서남서쪽 50km 해역
3/30/2009 5:58,2.3,36.21,128.08,경북 김천시 북쪽 8km 지역
3/26/2009 22:21,2.9,38.11,127.13,경기 연천군 동쪽 3km 지역
3/26/2009 2:32,2.3,33.38,127.14,제주 서귀포시 성산 동쪽 24km 해역
3/2/2009 14:20,3.4,37.08,124.65,충남 태안군 서격렬비도 북서쪽 95km 해역
2/26/2009 20:53,2.2,36.94,129.36,경북 울진군 남서쪽 7km 지역
2/26/2009 15:03,2.7,35.03,129.59,부산 기장군 남동쪽 41km 해역
2/23/2009 21:47,2.8,37.13,126.01,인천 옹진군 덕적도 남서쪽 15km 해역
2/19/2009 0:01,2.3,39.72,126.89,북한 함경남도 요덕 북북동쪽 9km 지역
2/15/2009 22:41,3,35.76,125.71,전북 군산시 어청도 남남서쪽 47km 해역
2/15/2009 12:57,2.3,35.85,127.72,전북 무주군 남남동쪽 18km 지역
2/12/2009 17:46,3.2,35.26,127.44,전남 구례군 동쪽 7km 지역
1/13/2009 19:07,3,36.47,129.64,경북 영덕군 동쪽 22km 해역
1/9/2009 20:53,3.2,38.73,125.82,북한 황해북도 사리원 북북동쪽 22km 지역
1/5/2009 2:59,2.1,33.47,127.31,제주 서귀포시 성산 동북동쪽 41km 해역
1/2/2009 8:15,2.2,33.94,127.67,전남 고흥군 남남동쪽 82km 해역
1/1/2009 15:58,2.5,36.5,129.08,경북 청송군 북북동쪽 7km 지역
1/1/2009 6:45,2.1,36.31,128.35,경북 구미시 북쪽 22km 지역
12/29/2008 5:51,2.2,35.67,126.34,전북 부안군 서쪽 36km 해역
12/19/2008 21:53,2.2,37.36,129.83,경북 울진군 북동쪽 56km 해역
12/19/2008 17:53,3.5,36.49,129.68,경북 영덕군 동북동쪽 29km 해역
12/18/2008 23:38,2.3,36.47,129.66,경북 영덕군 동북동쪽 27km 해역
12/11/2008 19:31,2.7,40.38,126.87,북한 자강도 용림 남남동쪽 14km 지역
12/8/2008 8:49,2.4,35.14,124.62,전남 신안군 흑산면 북서쪽 95km 해역
12/7/2008 18:02,2.3,37.79,125.02,북한 황해남도 옹진 서남서쪽 34km 해역
12/7/2008 2:28,2.4,36.45,129.56,경북 영덕군 동북동쪽 18km 해역
11/11/2008 23:37,2.5,38.56,125.66,북한 황해북도 사리원 북서쪽 11km 지역
11/11/2008 21:30,3,38.55,125.67,북한 황해북도 사리원 서북서쪽 9km 지역
11/11/2008 21:20,3,38.54,125.65,북한 황해북도 사리원 서북서쪽 10km 지역
11/5/2008 18:12,2.3,37.07,129.11,경북 봉화군 동북동쪽 38km 지역
10/29/2008 9:26,3.4,36.35,127.25,충남 공주시 남동쪽 15km 지역
10/8/2008 11:04,2.1,38.12,127.11,경기 연천군 북동쪽 4km 지역
9/20/2008 11:24,2.8,34.11,125.02,전남 신안군 흑산면 남서쪽 73km 해역
9/13/2008 12:05,2.5,35.6,126.99,전북 정읍시 동북동쪽 12km 지역
9/11/2008 10:46,2.4,38.08,127.12,경기 연천군 동남동쪽 4km 지역
9/8/2008 15:35,2.6,34.57,128.25,경남 통영시 남남서쪽 36km 해역
9/4/2008 0:44,3,35.13,125.04,전남 신안군 흑산면 북서쪽 66km 해역
8/20/2008 14:45,2.2,35.72,125.69,전북 군산시 어청도 남남서쪽 52km 해역
7/27/2008 21:48,2.2,34.45,128.08,경남 남해군 남남동쪽 46km 해역
7/27/2008 17:13,2.4,39.4,126.03,북한 평안남도 평성 북동쪽 23km 지역
7/23/2008 19:29,3.2,34.49,128.04,경남 남해군 남남동쪽 41km 해역
7/22/2008 23:11,2.5,35.31,129.74,울산 동구 남동쪽 36km 해역
7/4/2008 20:48,2.5,39.3,127.19,북한 함경남도 고원 남남서쪽 15km 지역
7/4/2008 19:39,2.1,39.26,127.22,북한 함경남도 고원 남쪽 18km 지역
7/1/2008 16:32,2.3,35.54,128.82,경남 밀양시 북동쪽 8km 지역
6/30/2008 3:34,2.3,35.1,124.66,전남 신안군 흑산면 북서쪽 89km 해역
6/21/2008 23:30,2.2,35.57,128.6,경남 밀양시 북서쪽 17km 지역
5/31/2008 21:59,4.2,33.5,125.69,제주 제주시 서쪽 78km 해역
5/26/2008 11:01,2.6,35.85,130.01,경북 포항시 남구 동남동쪽 61km 해역
3/27/2008 16:29,2.8,37.78,126.4,인천 강화군 서북서쪽 9km 지역
3/21/2008 23:57,2.7,35.15,124.57,전남 신안군 흑산면 북서쪽 99km 해역
3/15/2008 1:38,2,38.11,127.1,경기 연천군 북동쪽 3km 지역
3/9/2008 18:07,2.2,38.75,125.84,북한 황해북도 송림 동쪽 18km 지역
3/8/2008 18:05,2,35.66,128.8,경북 청도군 동북동쪽 6km 지역
2/29/2008 15:53,3.2,38.75,126.23,북한 황해북도 신계 북서쪽 38km 지역
2/29/2008 5:37,2.4,33.57,126.54,제주 제주시 북쪽 8km 해역
2/26/2008 23:22,2.5,35.97,126.56,전북 군산시 서쪽 14km 해역
2/26/2008 9:10,2.6,37.95,124.85,인천 백령도 동쪽 15km 해역
2/23/2008 18:19,2.2,35.82,129.33,경북 경주시 동쪽 11km 지역
2/5/2008 10:06,2.3,38.41,125.9,북한 황해북도 사리원 남동쪽 16km 지역
1/16/2008 19:58,3.9,35.65,125.37,전북 군산시 어청도 남서쪽 75km 해역
1/14/2008 18:03,2.2,36.19,127.54,충남 금산군 북북동쪽 10km 지역
1/10/2008 22:51,2.2,35.09,125.06,전남 신안군 흑산면 북서쪽 62km 해역
1/1/2008 6:33,3.2,40.41,127.25,북한 함경남도 장진 북북동쪽 3km 지역
12/28/2007 4:03,2.7,34.98,129.64,부산 해운대구 동남동쪽 48km 해역
12/22/2007 9:54,2.6,38.63,125.5,북한 황해남도 안악군 북쪽 14km 지역
12/16/2007 0:04,2.2,35.62,127.8,경남 함양군 북북동쪽 13km 지역
11/19/2007 5:51,2.1,34.78,126.48,전남 영암군 서쪽 20km 지역
10/29/2007 2:32,2.5,36.62,128.42,경북 예천군 남서쪽 5km 지역
10/17/2007 20:06,2.1,36.43,129.57,경북 영덕군 동쪽 18km 해역
10/16/2007 14:59,2.9,37.45,128.97,강원 동해시 서남서쪽 15km 지역
10/13/2007 4:13,2.1,36.44,129.63,경북 영덕군 동쪽 24km 해역
10/8/2007 22:36,2.2,38.9,125.76,북한 평양 남쪽 13km 지역
10/6/2007 9:08,2.5,35.59,125.96,전남 영광군 북서쪽 61km 해역
10/4/2007 23:56,2.9,36.43,129.55,경북 영덕군 동쪽 16km 해역
10/1/2007 1:02,2.2,36.44,129.54,경북 영덕군 북동쪽 16km 해역
9/24/2007 0:24,2.6,36.45,129.61,경북 영덕군 동쪽 22km 해역
9/17/2007 1:16,3,36.45,129.69,경북 영덕군 동쪽 29km 해역
9/12/2007 6:50,2.7,36.46,129.47,경북 영덕군 동북동쪽 11km 해역
8/30/2007 16:12,2.9,38.69,125.64,북한 황해북도 송림 남쪽 5km 지역
8/18/2007 15:09,2.5,35.99,125.78,전북 군산시 어청도 남서쪽 23km 해역
8/12/2007 4:52,2.1,36.05,127.74,충북 영동군 남남서쪽 14km 지역
8/7/2007 18:39,2.4,37.23,128.8,강원 정선군 남동쪽 20km 지역
7/27/2007 1:37,2.1,39.16,126.65,북한 평안남도 양덕 남남동쪽 6km 지역
7/22/2007 13:49,2.6,36.88,126.66,충남 당진군 동남동쪽 3km 지역
7/19/2007 21:01,2.2,37.08,129.01,강원 태백시 남남동쪽 9km 지역
7/8/2007 19:28,2.2,37.37,129.66,강원 삼척시 동남동쪽 44km 해역
6/26/2007 0:01,2.2,35.61,130.15,울산 동구 동쪽 67km 해역
5/28/2007 0:51,2.1,35.23,128.57,경남 마산시 북쪽 4km 지역
5/26/2007 19:59,2.5,36.1,125.05,충남 태안군 서격렬비열도 남서쪽 70km 해역
5/19/2007 7:53,2.4,36.57,129,경북 청송군 북북서쪽 16km 지역
5/16/2007 4:56,2.5,35.72,129.22,경북 경주시 남쪽 13km 지역
5/13/2007 16:22,2.2,35.92,128.01,경북 김천시 남남서쪽 25km 지역
5/11/2007 5:51,2.1,35.55,129.91,울산 동구 동쪽 45km 해역
5/3/2007 18:24,2.1,36.6,127.83,경북 상주시 북서쪽 36km 지역
5/3/2007 12:24,2.2,36.13,127.85,충북 영동군 남동쪽 7km 지역
4/25/2007 8:36,2,36.94,126.53,충남 당진군 서북서쪽 11km 지역
4/1/2007 22:16,2.3,38.58,125.63,북한 황해북도 사리원 북서쪽 14km 지역
3/28/2007 2:47,2.8,38.64,125.6,북한 황해북도 송림 남남서쪽 11km 해역
3/15/2007 5:30,2.9,36.18,127.97,충북 영동군 동쪽 17km 지역
3/10/2007 18:18,2,37.21,128.85,강원 정선군 남동쪽 25km 지역
2/6/2007 0:35,2.2,34.97,129.68,부산 기장군 남동쪽 52km 해역
1/24/2007 16:31,2.4,38.62,125.59,북한 황해북도 송림 남남서쪽 13km 지역
1/20/2007 20:56,4.8,37.68,128.59,강원 평창군 북북동쪽 39km 지역
1/19/2007 9:06,2,37.69,128.57,강원 평창군 북북동쪽 39km 지역
1/6/2007 5:47,2.4,39.11,127.98,북한 강원 원산 동쪽 48km 해역
12/28/2006 9:44,2.2,36.11,128.11,경북 김천시 남남동쪽 3km 지역
12/20/2006 1:18,2.1,37.14,129.9,경북 울진군 동북동쪽 47km 해역
12/10/2006 1:39,2.5,33.06,126.22,제주 서귀포시 남서쪽 35km 해역
12/4/2006 0:51,2.7,36.46,127.92,경북 상주시 서북서쪽 22km 지역
11/26/2006 3:05,2.4,34.14,127.48,전남 여수시 거문도 북동쪽 20km 해역
11/12/2006 8:19,2.9,38.59,125.12,북한 남포 서남서쪽 34km 지역
11/11/2006 1:16,2.4,35.97,127.45,전북 진안군 북쪽 20km 지역
10/25/2006 18:14,2.6,33.36,125.75,제주 제주시 고산 서쪽 39km 해역
10/22/2006 14:09,2.2,37.13,125.98,인천 옹진군 덕적도 서남서쪽 18km 해역
10/16/2006 14:12,2.4,37.35,124.88,인천 백령도 남남동쪽 69km 해역
10/4/2006 5:29,2.2,36.67,127.67,충북 청원군 동북동쪽 16km 지역
9/29/2006 23:07,3.4,34.1,124.9,전남 신안군 흑산면 남서쪽 81km 해역
9/20/2006 14:15,2.1,34.62,128.81,경남 거제시 남남동쪽 33km 해역
9/20/2006 0:03,2.6,35.92,129.56,경북 포항시 남구 동남동쪽 20km 해역
8/26/2006 7:44,2.2,37.21,128.81,강원 정선군 남동쪽 23km 지역
8/9/2006 8:16,2.3,35.7,124.82,전남 영광군 안마도 서북서쪽 117km 해역
8/7/2006 14:18,2.8,35.6,124.63,전남 신안군 흑산면 북서쪽 130km 해역
8/1/2006 12:57,2,35.74,127.82,경남 거창군 북서쪽 10km 지역
7/26/2006 2:50,2,35.8,127.88,경남 거창군 북북서쪽 13km 지역
7/25/2006 23:29,2.5,35.79,127.89,경남 거창군 북쪽 12km 지역
7/24/2006 2:44,2,37.17,126.32,인천 옹진군 남서쪽 42km 해역
7/18/2006 14:49,2,36.13,126.65,충남 서천군 북서쪽 7km 지역
6/1/2006 11:58,2.4,34.6,128.16,경남 남해군 남동쪽 36km 해역
5/8/2006 6:59,2.4,36.22,129.54,경북 포항시 북구 북동쪽 25km 해역
4/30/2006 9:50,2.5,37.05,129.84,경북 울진군 동쪽 39km 해역
4/29/2006 11:01,3.5,37.09,129.93,경북 울진군 동북동쪽 48km 해역
4/29/2006 1:01,2.5,37.07,129.81,경북 울진군 동북동쪽 37km 해역
4/28/2006 23:54,2.5,37.12,129.93,경북 울진군 동북동쪽 49km 해역
4/28/2006 23:47,3,37.09,129.93,경북 울진군 동북동쪽 48km 해역
4/19/2006 16:18,2.1,37.01,129.82,경북 울진군 동쪽 37km 해역
4/19/2006 16:01,2.4,37.1,129.92,경북 울진군 동북동쪽 47km 해역
4/19/2006 10:57,2.5,37.1,129.91,경북 울진군 동북동쪽 47km 해역
4/19/2006 9:49,3,37.05,129.96,경북 울진군 동쪽 50km 해역
4/19/2006 9:35,2.4,37.07,129.93,경북 울진군 동쪽 48km 해역
4/13/2006 1:09,2.8,34.74,125.01,전남 신안군 흑산면 서북서쪽 43km 해역
4/3/2006 18:14,3.3,38.68,125.96,북한 황해도 사리원 동북동쪽 24km지역
4/2/2006 0:04,2,35.38,127.22,전북 남원시 서남서쪽 16km 지역
3/26/2006 7:54,2.4,35.67,126.26,전북 부안군 위도 북북서쪽 48km 해역
3/23/2006 7:42,2.5,38.33,127.3,북한 강원 철원군 북쪽 20km 지역
3/19/2006 14:03,2,36.33,127.34,대전 서구 서남서쪽 3km 지역
3/19/2006 13:59,2.9,36.34,127.36,대전 서구 서남서쪽 1km 지역
3/15/2006 4:36,2.4,38.19,125.94,북한 황해남도 해주 북동쪽 26km 지역
3/11/2006 4:52,2.1,37.13,126,충남 태안군 북북서쪽 51km 해역
3/10/2006 5:57,2.5,33.3,127.15,제주 서귀포시 동쪽 59km 해역
2/28/2006 18:52,2.3,36.22,127.66,충북 영동군 서북서쪽 13km 지역
2/28/2006 0:11,2.3,35.8,127.89,경남 거창군 북쪽 13km 지역
2/14/2006 3:32,3,38.67,126.03,북한 황해북도 사리원 북동쪽 30km 지역
1/21/2006 11:29,2.1,36.33,127.26,충남 공주시 남동쪽 18km 지역
1/19/2006 22:53,2,37.19,128.77,강원 영월군 동쪽 27km 지역
1/19/2006 12:35,3.2,37.21,128.8,강원 정선군 남남동쪽 22km 지역
12/25/2005 3:58,2.6,34.76,127.11,전남 보성군 동남동쪽 3km 해역
12/18/2005 0:00,2.2,34.64,127.61,전남 여수시 남서쪽 15km 해역
12/7/2005 18:02,2.5,36.62,127.76,충북 괴산군 남쪽 21km 지역
11/27/2005 11:47,3.1,38.35,123.99,북한 인천 백령도 북서쪽 75km 해역
11/15/2005 9:10,3.1,37.21,128.8,강원 정선군 남남동쪽 23km 지역
11/6/2005 12:52,2.2,35.98,128.13,경북 김천시 남쪽 18km 지역
10/23/2005 1:02,2.7,34.98,127.01,전남 화순군 남남동쪽 10km 지역
10/21/2005 12:00,3.2,37.87,125.05,북한 황해남도 옹진 서남서쪽 28km 해역
10/13/2005 11:22,2.7,36.94,129.47,경북 울진군 남동쪽 9km 해역
10/10/2005 8:51,3.5,37.92,124.94,북한 인천 백령도 동쪽 23km 해역
10/3/2005 19:18,2.1,35.82,129.58,경북 포항시 남구 남동쪽 29km 해역
9/7/2005 17:11,2.1,37.09,127.84,충북 충주시 북서쪽 13km 지역
8/31/2005 12:58,2.2,37.13,129.69,경북 울진군 동북동쪽 30km 해역
8/25/2005 19:33,2.4,36.65,126.26,충남 태안군 남남서쪽 11km 지역
8/24/2005 5:06,3.4,34.16,127.03,전남 여수시 거문도 서북서쪽 30km 해역
7/30/2005 3:01,3.1,34.16,127.44,전남 여수시 거문도 북동쪽 19km 해역
6/30/2005 0:25,3.1,36.66,129.63,경북 영덕군 북동쪽 36km 해역
6/29/2005 23:18,4,34.5,129.05,경남 통영시 매물도 동남동쪽 46km 해역
6/20/2005 15:31,3,38.81,125.57,북한 황해북도 송림 북서쪽 10km 지역
6/15/2005 7:37,3,33,126.15,제주 제주시 고산 남쪽 33km 해역
6/15/2005 7:07,3.9,33.06,126.17,제주 제주시 고산 남쪽 26km 해역
6/10/2005 21:14,2.5,36.77,128.48,경북 예천군 북쪽 13km 지역
6/10/2005 12:49,2.3,36.78,128.49,경북 영주시 서남서쪽 12km 지역
6/8/2005 0:07,2.5,37.51,124.76,인천 백령도 남쪽 50km 해역
5/15/2005 7:22,2.6,38.13,125.6,북한 황해남도 해주 북서쪽 14km 지역
5/1/2005 16:27,3.6,35.04,122.99,전남 신안군 흑산면 서쪽 230km 해역
4/21/2005 12:37,3,34.91,125.47,전남 신안군 흑산면 북쪽 29km 해역
4/9/2005 23:04,2.4,35.67,130.03,울산 동구 동북동쪽 58km 해역
4/9/2005 19:14,2.4,37.17,125.41,인천 옹진군 연평도 남남서쪽 61km 해역
4/1/2005 0:15,2.4,33.56,126.97,제주 서귀포시 성산 북북동쪽 21km 해역
3/31/2005 19:32,2.2,36.43,125.57,충남 태안군 서격렬비열도 남쪽 19km 해역
3/17/2005 23:39,3.1,32.47,125.85,제주 서귀포시 남서쪽 108km 해역
3/12/2005 11:56,2.4,38.82,127.14,북한 강원 회양 서북서쪽 42km 지역
2/20/2005 22:18,3.4,35.4,126.22,전남 영광군 서북서쪽 30km 해역
2/7/2005 20:16,2.8,36.59,130.02,경북 영덕군 동북동쪽 62km 해역
2/5/2005 11:27,2.5,33.49,126.36,제주 제주시 서쪽 16km 해역
2/3/2005 7:48,2.4,38.95,130.39,경북 울릉군 북북서쪽 169km 해역
12/12/2004 3:00,2.1,33.6,127.7,제주 제주시 동쪽 109km 해역
12/10/2004 19:41,2.3,32.9,125.8,제주 서귀포시 서남서쪽 77km 해역
11/30/2004 13:51,2.5,33.2,125.7,제주 서귀포시 서쪽 76km 해역
11/28/2004 13:15,2.4,37.6,129.5,강원 삼척시 동북동쪽 34km 해역
11/5/2004 1:25,2,37.1,126.1,인천 옹진군 덕적도 남남서쪽 14km 해역
10/20/2004 14:12,2.7,34.4,125.5,전남 신안군 흑산면 남쪽 28km 해역
10/14/2004 3:02,2.7,33.7,127.3,전남 여수시 거문도 남쪽 36km 해역
10/11/2004 19:19,2.2,38,125.4,북한 황해남도 옹진 북북동쪽 9km 지역
10/4/2004 6:24,2,35.5,128.3,경남 의령군 북쪽 20km 지역
9/27/2004 18:47,2.5,35.5,128.3,경남 의령군 북쪽 20km 지역
9/24/2004 1:40,2.5,33.4,127.1,제주 서귀포시 성산 동쪽 20km 해역
9/15/2004 7:47,2.5,37.5,126.9,서울 영등포구 남쪽 3km 지역
8/13/2004 22:42,2.7,37.6,126.5,인천 강화군 남쪽 16km 지역
8/11/2004 4:29,2.3,33.3,126.2,제주 제주시 남서쪽 38km 지역
8/6/2004 5:32,3.3,35.9,127.4,전북 진안군 북쪽 13km 지역
7/14/2004 20:37,2.1,36.4,127.3,대전 유성구 북서쪽 7km 지역
7/14/2004 13:44,2.6,33.4,127.2,제주 제주시 동쪽 63km 해역
7/13/2004 21:08,2.1,38.5,126,북한 황해북도 사리원 동쪽 21km 지역
6/11/2004 16:25,2.1,37.3,128.7,강원 정선군 남남동쪽 9km 지역
6/1/2004 20:22,3.5,37.2,130,경북 울진군 동북동쪽 58km 해역
5/30/2004 21:45,2.2,37,129.3,경북 울진군 서쪽 9km 지역
5/30/2004 4:45,2,36.6,130,경북 영덕군 동북동쪽 60km 해역
5/29/2004 19:14,5.2,36.8,130.2,경북 울진군 동남동쪽 74km 해역
5/25/2004 18:08,2.7,39.5,124.9,북한 평안북도 정주 남서쪽 34km 해역
5/17/2004 15:05,2.1,36.4,125.9,전북 군산시 어청도 북북서쪽 31km 해역
5/6/2004 23:10,2,37.5,129.9,강원 삼척시 동쪽 65km 해역
5/5/2004 12:22,3.1,32.7,126,제주 서귀포시 남서쪽 78km 해역
5/5/2004 2:15,2.2,33.4,127.3,제주 제주시 동쪽 72km 해역
5/5/2004 1:07,2.2,33.4,127.3,제주 제주시 동쪽 72km 해역
4/30/2004 23:43,2.8,35.8,129.4,경북 경주시 동남동쪽 17km 지역
4/29/2004 17:31,2.9,37.4,123.8,인천 백령도 남서쪽 99km 해역
4/26/2004 13:29,3.9,35.8,128.2,경북 고령군 북서쪽 10km 지역
4/15/2004 23:25,2,34.9,124.6,전남 신안군 흑산면 서북서쪽 84km 해역
4/2/2004 12:04,2.9,39.4,126,북한 평안남도 평성 북동쪽 21km 지역
3/7/2004 20:58,2.9,35.8,125.4,전북 군산시 어청도 남서쪽 63km 해역
2/26/2004 5:51,2.1,37.2,128.9,강원 정선군 남동쪽 29km 지역
2/6/2004 7:30,2.4,38.6,126.1,북한 황해북도 사리원 동북동쪽 31km 지역
1/29/2004 20:22,2.4,35.9,128.5,경북 칠곡군 남동쪽 13km 지역
1/23/2004 5:27,2,35.4,128,경남 산청군 동쪽 11km 지역
1/17/2004 9:47,2.9,33.7,125.8,제주 제주시 서북서쪽 72km 해역
1/6/2004 1:49,3.2,38.7,125.1,북한 남포 서남서쪽 31km 해역
1/5/2004 6:11,2.9,36.2,127,충남 논산시 서북서쪽 9km 지역
10/17/2003 11:55,2,35.8,129.4,경북 경주시 동남동쪽 17km 지역
10/14/2003 1:44,2.4,34.1,127.5,전남 고흥군 남남동쪽 60km 해역
10/13/2003 18:12,3.6,37,126.5,충남 당진군 북서쪽 17km 지역
10/5/2003 5:03,2.1,36.3,127.3,대전 유성구 남서쪽 8km 지역
10/4/2003 4:59,2.3,33.2,126.9,제주 서귀포시 동쪽 37km 해역
9/25/2003 15:24,2.5,36,129.6,경북 포항시 북구 동남동쪽 21km 해역
9/24/2003 3:26,2.3,35.8,128.5,대구 달성군 서남서쪽 6km 지역
9/19/2003 20:48,2.9,37.5,124.5,인천 백령도 남남서쪽 53km 해역
8/12/2003 1:25,2.6,34.7,130.3,부산 기장군 동남동쪽 115km 해역
8/7/2003 11:04,2.7,36.8,129.5,경북 울진군 남남동쪽 23km 해역
7/28/2003 6:12,2.7,35.1,124.7,전남 신안군 흑산면 북서쪽 86km 해역
7/18/2003 17:05,2.9,35,124.3,전남 신안군 흑산면 서북서쪽 114km 해역
7/9/2003 15:20,2.7,34.9,128.2,경남 고성군 남서쪽 14km 지역
7/5/2003 12:18,3,37.4,125.3,인천 옹진군 연평도 남서쪽 46km 해역
6/29/2003 11:53,2.1,35.7,124.8,전북 군산시 어청도 서남서쪽 115km 해역
6/9/2003 10:14,4,36,123.6,충남 태안군 서격렬비열도 서남서쪽 186km 해역
6/8/2003 2:07,2.6,36.5,125.1,충남 태안군 서격렬비열도 서남서쪽 40km 해역
6/4/2003 3:34,2.7,35.2,125.2,전남 신안군 흑산면 북북서쪽 66km 해역
4/16/2003 2:55,3.3,36.4,126.3,충남 보령시 서북서쪽 29km 해역
4/5/2003 0:56,2.4,36.2,127.3,충남 논산시 동쪽 18km 지역
4/5/2003 0:31,2.9,36.2,127.3,충남 논산시 동쪽 18km 지역
4/5/2003 0:25,2.5,36.2,127.3,충남 논산시 동쪽 18km 지역
4/1/2003 22:26,2.1,36.4,127.8,충북 보은군 남남동쪽 11km 지역
3/30/2003 20:10,5,37.8,123.7,인천 백령도 서남서쪽 88km 해역
3/23/2003 5:38,4.9,35,124.6,전남 신안군 흑산면 서북서쪽 88km 해역
3/19/2003 23:05,2.3,36.5,129.6,경북 영덕군 동북동쪽 23km 해역
3/14/2003 4:06,2.1,36.2,128.7,경북 군위군 동남동쪽 12km 지역
3/10/2003 3:28,3.1,36.1,128.4,경북 구미시 동남동쪽 5km 지역
3/4/2003 12:44,2.9,38.3,128.6,강원 속초시 북쪽 10km 해역
3/1/2003 23:33,3,35.8,129.3,경북 경주시 동남동쪽 9km 지역
3/1/2003 21:07,2.5,37.6,124.6,인천 백령도 남쪽 40km 해역
2/14/2003 16:42,2.9,38,124.5,인천 백령도 서북서쪽 17km 해역
2/9/2003 22:28,2.3,36,127.9,경북 김천시 남서쪽 23km 지역
2/8/2003 23:46,2.9,35.3,126.6,전남 영광군 동북동쪽 8km 지역
1/16/2003 14:02,2.2,33.6,127.3,제주 제주시 동쪽 72km 해역
1/13/2003 22:03,2.8,35.8,129.4,경북 경주시 동남동쪽 17km 지역
1/10/2003 7:56,2.7,35.9,129.2,경북 경주시 북쪽 7km 지역
1/9/2003 17:33,3.9,37.4,124.2,인천 백령도 남서쪽 74km 해역
12/26/2002 23:41,2.7,36.5,127,충남 공주시 서북서쪽 13km 지역
12/17/2002 8:44,2.1,37.1,126.4,인천 옹진군 덕적도 동남동쪽 26km 해역
12/16/2002 18:21,2.4,36.7,130.2,경북 울진군 동남동쪽 78km 해역
12/12/2002 21:42,2.3,37.1,126.4,인천 옹진군 덕적도 동남동쪽 26km 해역
12/10/2002 7:42,3.8,38.8,127.2,북한 강원 회양 서북서쪽 36km 지역
12/7/2002 16:43,2.7,37.4,129.4,강원 삼척시 동남동쪽 21km 해역
12/5/2002 11:01,2.1,36.7,126.2,충남 태안군 서남서쪽 10km 지역
12/5/2002 10:05,2,36.7,126.3,충남 태안군 남쪽 5km 지역
11/13/2002 21:46,2.4,35.8,127.9,경남 거창군 북쪽 13km 지역
11/6/2002 21:48,2.5,36.4,127.7,충북 옥천군 북동쪽 16km 지역
10/28/2002 11:50,2.8,35.1,126.6,전남 함평군 동북동쪽 8km 지역
10/25/2002 4:06,2.4,33.9,127.1,전남 여수시 거문도 남서쪽 24km 해역
10/23/2002 10:30,2.8,34.9,128.4,경남 통영시 북북서쪽 6km 지역
10/20/2002 4:22,3,35.2,127.7,경남 하동군 북북서쪽 16km 지역
10/19/2002 21:31,2.7,36.2,127.6,충남 금산군 북동쪽 15km 지역
10/16/2002 19:48,2.4,36.6,127.6,충북 청원군 동남동쪽 11km 지역
10/4/2002 2:06,2.4,38.1,126.4,북한 개성 북서쪽 20km 지역
9/19/2002 3:10,2.9,35.6,125.4,전남 신안군 흑산면 북쪽 106km 해역
9/16/2002 7:36,2.8,36.1,128.3,경북 구미시 서남서쪽 5km 지역
9/15/2002 16:40,2.5,35.9,129.7,경북 포항시 남구 동남동쪽 33km 해역
8/13/2002 16:07,2.7,35.1,125.2,전남 신안군 흑산면 북북서쪽 56km 해역
8/10/2002 21:47,4,35.1,123.4,전남 흑산도 서북서쪽 195km 해역
8/6/2002 21:37,2.5,35.7,127.6,전북 장수군 북동쪽 9km 지역
8/6/2002 7:32,3,34.7,127.4,전남 고흥군 북동쪽 15km 지역
7/17/2002 6:50,3.3,38,124.4,인천 백령도 서북서쪽 25km 해역
7/12/2002 8:17,2.1,35.9,129.8,경북 포항시 남구 동남동쪽 41km 해역
7/9/2002 4:01,3.8,35.9,129.6,경북 포항시 남구 동남동쪽 24km 해역
7/2/2002 1:49,2.3,35.8,128,경남 거창군 북북동쪽 15km 지역
6/23/2002 11:12,2,34.7,126.6,전남 영암군 남서쪽 14km 지역
6/7/2002 22:24,2.8,38.4,125.3,북한 황해남도 안악 남서쪽 21km 지역
5/29/2002 18:22,2.4,34.7,127.9,경남 남해군 남쪽 15km 해역
4/17/2002 7:52,3.9,40.5,128.5,북한 함경남도 북청 북북동쪽 33km 지역
4/14/2002 12:29,2.4,35.1,125,전남 신안군 흑산면 북서쪽 66km 해역
4/1/2002 7:46,2.5,37.3,128.1,강원 원주시 동남동쪽 15km 지역
3/25/2002 18:10,2.4,37.1,127.2,경기 용인시 처인구 남남서쪽 12km 지역
3/25/2002 5:31,2.4,37.4,129.2,강원 삼척시 남남동쪽 6km 지역
3/22/2002 11:28,3.5,38.3,124.5,북한 인천 백령도 북북서쪽 42km 해역
3/17/2002 9:26,3.9,38.1,124.3,북한 인천 백령도 서북서쪽 37km 해역
3/12/2002 20:04,2.4,34.9,127.4,전남 순천시 서남서쪽 10km 지역
3/8/2002 2:09,2.4,35.5,126.1,전북 부안군 위도 서남서쪽 21km 해역
3/7/2002 23:30,3,36.5,126.6,충남 홍성군 남남서쪽 12km 지역
2/28/2002 22:26,2.1,36.7,128.1,경북 문경시 북북서쪽 15km 지역
2/7/2002 9:31,2.4,36.1,129.2,경북 포항시 북구 서북서쪽 17km 지역
2/3/2002 22:44,2.6,35,125,전남 신안군 흑산면 북서쪽 58km 해역
1/17/2002 20:16,2.9,35.1,125,전남 신안군 흑산면 북서쪽 66km 해역
1/17/2002 6:28,2.8,36.2,126.2,전북 군산시 어청도 동북동쪽 22km 해역
1/8/2002 8:18,2.8,35.8,128.2,경북 고령군 북서쪽 10km 지역
1/7/2002 17:10,3.1,35.4,128.8,경남 밀양시 남남동쪽 10km 지역
1/4/2002 0:33,2.3,34.8,127.4,전남 보성군 동쪽 29km 지역
11/30/2001 11:18,2.4,35.9,127.5,전북 진안군 북북동쪽 14km 지역
11/24/2001 16:10,4.1,36.7,129.9,경북 울진군 남동쪽 55km 해역
11/21/2001 10:49,3.5,36.7,128.3,경북 문경시 북동쪽 16km 지역
11/13/2001 6:15,1.9,36.5,127.9,충북 보은군 동쪽 15km 지역
11/9/2001 13:54,2.6,34.7,126.9,전남 장흥군 북북서쪽 2km 지역
10/28/2001 22:27,2.1,37.1,129,강원 태백시 남쪽 7km 지역
10/1/2001 3:35,2.6,36,127.7,전북 무주군 동쪽 3km 지역
9/24/2001 9:33,2.6,35.5,127.5,전북 남원시 북동쪽 14km 지역
9/19/2001 8:47,2.6,36.6,126.9,충남 예산군 남동쪽 11km 지역
9/15/2001 2:32,2.2,35.6,125.9,전북 부안군 서쪽 70km 해역
9/13/2001 6:07,2.2,36.4,127,충남 청양군 동남동쪽 18km 지역
9/7/2001 8:42,2.8,34.8,127.4,전남 보성군 동쪽 29km 지역
8/24/2001 11:12,3.1,35.9,128.2,경북 성주군 서남서쪽 8km 지역
8/20/2001 21:04,2.5,34,125.5,전남 신안군 흑산면 남쪽 72km 해역
8/6/2001 23:46,2.3,36.7,128.3,경북 문경시 북동쪽 16km 지역
7/27/2001 10:04,2.2,36.5,128,경북 상주시 북서쪽 18km 지역
7/26/2001 19:55,2,36.2,127.4,충남 금산군 북서쪽 13km 지역
7/23/2001 17:29,3.5,36.4,128,경북 상주시 서쪽 14km 지역
7/15/2001 20:01,2.3,36.7,127,충남 아산시 남쪽 10km 지역
6/29/2001 11:21,3.6,35.8,126.6,전북 부안군 서북서쪽 15km 해역
6/17/2001 1:04,2.3,35.7,126.4,전북 부안군 서쪽 30km 해역
6/16/2001 21:26,2.2,36,127.9,경북 김천시 남서쪽 23km 지역
6/13/2001 13:53,2.9,34.8,127.3,전남 고흥군 북쪽 21km 지역
6/9/2001 0:36,2.3,36.7,128.8,경북 안동시 북북동쪽 16km 지역
5/28/2001 7:25,2.1,36.4,127.8,충북 보은군 남남동쪽 11km 지역
5/27/2001 20:24,2.5,35.8,129.7,경북 포항시 남구 남동쪽 38km 해역
5/27/2001 15:25,2.6,34.1,127.6,전남 여수시 거문도 동북동쪽 28km 해역
5/25/2001 0:06,2.6,33.6,126.8,제주 제주시 동북동쪽 27km 해역
5/16/2001 1:09,2,36,126.7,충남 서천군 남쪽 9km 해역
5/5/2001 19:23,1.7,34.4,127.4,전남 고흥군 남남동쪽 25km 해역
5/5/2001 11:21,3.3,37.8,124.5,인천 백령도 남서쪽 23km 해역
4/21/2001 2:30,2.1,35.9,125.3,전북 군산시 어청도 서남서쪽 65km 해역
4/17/2001 2:42,2.5,35.4,126.1,전북 부안군 위도 남서쪽 29km 해역
4/16/2001 22:50,2.2,35.9,129.7,경북 포항시 남구 동남동쪽 33km 해역
3/19/2001 22:16,2.8,37.6,124.6,인천 백령도 남쪽 40km 해역
3/7/2001 8:27,2.5,35.1,127.8,경남 하동군 북동쪽 6km 지역
3/6/2001 0:23,2.3,35.3,125.7,전북 부안군 위도 서남서쪽 63km 해역
2/28/2001 12:46,2.9,35.3,127.9,경남 산청군 남쪽 13km 지역
2/19/2001 8:27,2,37.4,128.4,강원 평창군 북북동쪽 4km 지역
2/14/2001 1:02,2.2,36,128.2,경북 성주군 북서쪽 12km 지역
2/10/2001 17:47,2,37.1,127.6,경기 이천시 남동쪽 24km 지역
2/8/2001 16:59,2.3,38.4,127.9,강원 양구군 북북서쪽 34km 지역(북한지역)
1/29/2001 11:44,3,35.7,126.6,전북 부안군 서남서쪽 13km 지역
12/22/2000 8:19,2.7,36.3,127.4,대전 중구 남서쪽 4km 지역
12/9/2000 18:51,3.7,36.5,130,경북 영덕군 동쪽 57km 해역
12/2/2000 16:53,3.1,34.6,126.9,전남 장흥군 남쪽 9km 지역
11/14/2000 17:41,2.9,38.8,125.8,북한 황해북도 송림 동북동쪽 16km 지역
11/5/2000 21:39,2.2,36.2,127.2,충남 논산시 동북동쪽 9km 지역
10/28/2000 7:10,2.7,37.1,126.7,경기 화성시 남서쪽 16km 해역
10/23/2000 11:35,2.6,37.7,125.7,북한 인천 옹진군 연평도 북쪽 4km 해역
10/8/2000 7:46,2.6,37.3,128.8,강원 정선군 남동쪽 15km 지역
10/3/2000 0:01,2,36.7,127.2,충남 연기군 북서쪽 15km 지역
9/23/2000 10:07,2.4,35.6,128.4,경남 창녕군 북서쪽 11km 지역
9/13/2000 20:38,2.4,35.7,127.1,전북 완주군 남남서쪽 17km 지역
8/21/2000 19:43,3.4,38.9,125.9,북한 평양 남동쪽 19km 지역
8/15/2000 1:36,2.2,35.3,125.9,전남 영광군 서쪽 56km 해역
8/6/2000 19:35,2.2,36.3,128.4,경북 의성군 서남서쪽 27km 지역
8/5/2000 21:02,2.7,35.1,124.9,전남 신안군 흑산면 북서쪽 72km 해역
7/24/2000 7:00,3,38.5,127.8,북한 강원 회양 남동쪽 28km 지역
5/26/2000 21:41,2.4,36.2,127.1,충남 논산시 북쪽 2km 지역
5/19/2000 1:44,2.7,36.6,128.5,경북 안동시 서쪽 21km 지역
5/11/2000 16:00,2.9,38.6,127.8,북한 강원 회양 남동쪽 21km 지역
5/11/2000 15:01,2.9,38.6,127.8,북한 강원 회양 남동쪽 21km 지역
5/11/2000 10:51,3.1,33.3,125.9,제주 서귀포시 서쪽 57km 해역
5/9/2000 6:55,2.3,35.2,128.1,경남 진주시 북동쪽 2km 지역
4/29/2000 8:53,3.3,35.8,125.7,전북 군산시 어청도 남남서쪽 43km 해역
4/15/2000 8:05,2.3,36.6,128.3,경북 예천군 서남서쪽 15km 지역
4/12/2000 4:44,3.5,36.9,125.3,충남 태안군 서격렬비열도 북북서쪽 39km 해역
3/21/2000 13:43,2.3,36.5,126,충남 태안군 남서쪽 38km 해역
3/15/2000 1:10,2.5,36.3,125.9,전북 군산시 어청도 북북서쪽 20km 해역
2/21/2000 1:06,2.1,35.8,128.2,경북 고령군 북서쪽 10km 지역
1/18/2000 15:08,3,38.7,127.9,북한 강원 회양 동쪽 26km 지역
12/27/1999 12:29,3,36.8,128.2,경북 문경시 북쪽 24km 지역
12/20/1999 13:28,2.5,36,128.4,경북 칠곡군 북북서쪽 1km 지역
12/14/1999 14:46,2.8,36.7,127.3,충남 천안시 남동쪽 18km 지역
9/24/1999 1:59,2.7,38.2,128.8,강원 속초시 동쪽 18km 해역
9/12/1999 5:56,3.2,35.9,129.3,경북 경주시 북동쪽 10km 지역
9/11/1999 3:17,3.4,36.1,123.7,충남 태안군 서격렬비열도 서남서쪽 173km 해역
7/17/1999 15:22,2.9,36.2,127,충남 논산시 서북서쪽 9km 지역
6/19/1999 20:58,2.7,36.3,127.8,충북 옥천군 동쪽 20km 지역
6/17/1999 22:33,2.6,33.2,126.4,제주 서귀포시 서남서쪽 12km 해역
6/9/1999 2:15,2.6,37.7,125.8,북한 인천 옹진군 연평도 동북동쪽 9km 해역
6/2/1999 18:12,3.4,35.9,129.3,경북 경주시 북동쪽 10km 지역
5/15/1999 14:41,3.1,35.5,126.2,전남 영광군 북서쪽 38km 해역
5/9/1999 8:17,3.5,36.2,123.7,충남 태안군 서격렬비열도 서남서쪽 170km 해역
5/9/1999 8:11,3.1,37.7,130.5,경북 울릉군 울릉도 북서쪽 43km 해역
5/4/1999 3:09,2.5,37.3,129.4,강원 삼척시 남동쪽 26km 해역
4/25/1999 18:35,2.8,35.8,127.1,전북 전주시 완산구 서남서쪽 2km 지역
4/24/1999 1:35,3.2,36,129.3,경북 포항시 남구 서쪽 6km 지역
4/23/1999 12:41,2.2,37.3,128.9,강원 삼척시 남서쪽 29km 지역
4/22/1999 1:27,2,36.5,127.8,충북 보은군 동북동쪽 6km 지역
4/21/1999 11:24,2.1,36.7,127.1,충남 천안시 남남서쪽 12km 지역
4/9/1999 20:48,2.8,37.3,128.9,강원 삼척시 남서쪽 29km 지역
4/8/1999 1:09,2.6,37.2,128.9,강원 정선군 남동쪽 29km 지역
4/8/1999 0:40,2.9,37.2,128.9,강원 정선군 남동쪽 29km 지역
4/7/1999 23:43,3.3,37.2,128.9,강원 정선군 남동쪽 29km 지역
4/4/1999 11:29,3.1,36.4,124,충남 태안군 서격렬비열도 서쪽 139km 해역
3/28/1999 12:39,3,37.5,130.2,경북 울릉군 울릉도 서쪽 62km 해역
3/15/1999 22:08,2.4,37.5,130.4,경북 울릉군 울릉도 서쪽 44km 해역
3/15/1999 16:11,2.7,37.5,130.4,경북 울릉군 울릉도 서쪽 44km 해역
3/14/1999 20:31,3.2,37.5,130.4,경북 울릉군 울릉도 서쪽 44km 해역
3/5/1999 23:41,3.5,40.5,126.3,북한 자강도 회천 북쪽 37km 지역
2/24/1999 2:14,3.5,37.3,126,인천 중구 서남서쪽 58km 해역
2/8/1999 6:36,2.5,37.1,128.9,강원 태백시 남서쪽 10km 지역
2/3/1999 3:21,2.9,38.5,127.8,북한 강원 회양 남동쪽 28km 지역
1/24/1999 2:43,2.9,37.4,130.3,경북 울릉군 울릉도 서쪽 54km 해역
1/24/1999 1:01,3.3,37,128.8,경북 봉화군 북북동쪽 13km 지역
1/12/1999 21:51,2.9,38.3,128.6,강원 속초시 북쪽 10km 해역
1/11/1999 13:07,4.2,38.3,128.7,강원 속초시 북동쪽 14km 해역
12/9/1998 6:42,2.7,37.5,129.1,강원 동해시 남남서쪽 3km 지역
11/30/1998 8:57,2.8,37.2,128.7,강원 정선군 남쪽 20km 지역
10/22/1998 17:34,2.8,36.6,125.5,충남 태안군 서격렬비열도 서쪽 3km 해역
10/14/1998 3:50,2.5,35.8,128.3,경북 고령군 북북동쪽 9km 지역
10/2/1998 20:09,2.5,37.3,128.8,강원 정선군 남동쪽 15km 지역
9/30/1998 22:29,3.3,35.8,126.9,전북 김제시 동쪽 2km 지역
9/13/1998 20:42,3.6,36.1,126.9,전북 익산시 북북서쪽 18km 지역
9/12/1998 23:08,2.3,35.9,129.3,경북 경주시 북동쪽 10km 지역
9/9/1998 19:53,2.1,36.1,128.5,경북 칠곡군 북동쪽 15km 지역
9/3/1998 16:52,3.8,36.6,125.7,충남 태안군 서격렬비열도 북북동쪽 37km 해역
8/4/1998 21:43,2.9,35.5,128.8,경남 밀양시 동북동쪽 4km 지역
7/7/1998 17:37,2.7,36,129.9,경북 포항시 북구 동쪽 48km 해역
7/7/1998 0:13,2.7,38.8,126.1,북한 평양 남동쪽 39km 지역
7/1/1998 17:09,2,36.8,127.8,충북 괴산군 남동쪽 2km 지역
6/19/1998 6:19,2.3,36.7,128.4,경북 예천군 북서쪽 7km 지역
6/13/1998 23:29,2.4,36.7,130.1,경북 울진군 동남동쪽 70km 해역
6/13/1998 18:24,2.4,36.7,130,경북 울진군 동남동쪽 62km 해역
6/8/1998 19:55,2.8,36,125.2,전북 군산시 어청도 서남서쪽 70km 해역
6/8/1998 11:45,3.7,38.5,124.3,북한 인천 백령도 북북서쪽 69km 해역
6/7/1998 17:39,2.8,34.4,129,경남 통영시 매물도 남동쪽 47km 해역
6/6/1998 15:04,2.8,38.9,126,북한 평양 동남동쪽 26km 지역
6/5/1998 19:42,2.9,35.9,123.9,충남 태안군 서격렬비열도 서남서쪽 166km 해역
5/25/1998 11:19,2.4,37.6,129.7,강원 삼척시 동북동쪽 50km 해역
5/20/1998 0:34,2.3,35.5,126.2,전북 부안군 위도 남서쪽 14km 해역
5/14/1998 14:23,2.2,36.7,128.4,경북 예천군 북서쪽 7km 지역
5/1/1998 7:16,2.5,36.1,128,경북 김천시 서남서쪽 10km 지역
4/30/1998 21:57,2.3,36.6,128.4,경북 예천군 남서쪽 8km 지역
4/16/1998 3:58,3.5,38.4,126.3,북한 황해북도 평산 북서쪽 11km 지역
4/2/1998 9:34,2.3,36.3,127.4,대전 중구 남서쪽 4km 지역
2/12/1998 3:36,2.9,38.4,128.5,강원 고성군 북동쪽 4km 해역
2/10/1998 21:11,4.1,37.8,123.6,인천 백령도 서쪽 96km 해역
1/18/1998 1:16,3.9,35.6,129.9,울산 동구 동북동쪽 45km 해역
11/10/1997 18:26,3,37.8,125.4,북한 황해남도 옹진 남남동쪽 15km 지역
11/9/1997 18:16,2.5,37.8,126.8,경기 파주시 북북동쪽 5km 지역
10/18/1997 19:35,3,37.3,128.8,강원 정선군 남동쪽 15km 지역
10/11/1997 19:50,3.2,35.9,128.7,대구 동구 동북동쪽 6km 지역
10/2/1997 23:47,2.4,35,128,경남 사천시 남서쪽 13km 지역
9/26/1997 8:35,2.5,37.9,129.7,강원 동해시 북동쪽 66km 해역
8/5/1997 12:45,2.8,36.7,128.4,경북 예천군 북서쪽 7km 지역
8/5/1997 4:47,2.3,37.2,128.7,강원 정선군 남쪽 20km 지역
6/30/1997 23:48,2.8,36.1,127.7,충북 영동군 남서쪽 11km 지역
6/26/1997 3:50,4.2,35.8,129.3,경북 경주시 동남동쪽 9km 지역
6/16/1997 22:51,2.7,35.3,129.1,부산 금정구 북쪽 7km 지역
6/15/1997 12:46,2.7,37.4,126.2,인천 옹진군 덕적도 북북동쪽 21km 해역
6/15/1997 8:45,2.8,37.4,126.2,인천 옹진군 덕적도 북북동쪽 21km 해역
5/22/1997 7:47,3.5,36,126.8,전북 군산시 동북동쪽 8km 지역
5/10/1997 0:56,2.5,37.3,128.5,강원 평창군 남동쪽 12km 지역
5/9/1997 21:43,3,35.2,126,전남 영광군 서쪽 47km 해역
5/9/1997 21:40,3.2,35.2,126,전남 영광군 서쪽 47km 해역
4/23/1997 1:39,2.5,36.2,126,전북 군산시 어청도 북북동쪽 9km 해역
3/9/1997 23:40,2.8,39,127.3,북한 강원 원산 남남서쪽 21km 지역
1/15/1997 5:34,3.2,38.3,128.7,강원 속초시 북동쪽 14km 해역
1/3/1997 20:34,2.9,35,125.2,전남 신안군 흑산면 북북서쪽 46km 해역
12/21/1996 7:45,2.8,37.3,128.6,강원 정선군 남남서쪽 10km 지역
12/18/1996 17:23,2.7,37.3,128.6,강원 정선군 남남서쪽 10km 지역
12/15/1996 16:20,2.5,37.2,128.8,강원 정선군 남남동쪽 23km 지역
12/14/1996 15:17,2.7,37.3,128.8,강원 정선군 남동쪽 15km 지역
12/13/1996 13:27,3,37.3,128.8,강원 정선군 남동쪽 15km 지역
12/13/1996 13:10,4.5,37.2,128.8,강원 정선군 남남동쪽 23km 지역
11/25/1996 0:27,2.3,35.6,129.3,울산 북구 서북서쪽 6km 지역
11/22/1996 10:09,2.9,32.8,127.2,제주 서귀포시 남동쪽 81km 해역
11/17/1996 8:49,3.6,39,127.6,북한 강원 원산 남동쪽 23km 지역
11/10/1996 21:33,3.5,36.7,125.4,충남 태안군 서격렬비열도 북서쪽 16km 해역
10/16/1996 4:45,3.3,36.1,128.3,경북 구미시 서남서쪽 5km 지역
9/27/1996 19:32,2.4,35.6,129.9,울산 동구 동북동쪽 45km 해역
9/14/1996 22:38,3.6,39,126,북한 평양 동쪽 22km 지역
8/14/1996 18:10,3,36.7,128,경북 문경시 북서쪽 21km 지역
8/3/1996 0:06,2.7,37.4,129.5,강원 삼척시 동쪽 30km 해역
7/27/1996 1:22,3,34.2,123.3,전남 신안군 흑산면 서남서쪽 205km 해역
7/15/1996 4:58,2.8,36.9,126.5,충남 당진군 서쪽 12km 지역
6/27/1996 21:35,2.1,38.2,126.3,북한 황해북도 평산 남남서쪽 17km 지역
6/21/1996 1:04,2.8,36.1,126.9,전북 익산시 북북서쪽 18km 지역
6/18/1996 16:33,2.7,39.5,126.3,북한 평안남도 덕천 남쪽 28km 지역
6/15/1996 6:05,2.8,38.9,125.9,북한 평양 남동쪽 19km 지역
6/4/1996 18:33,2.4,36.8,129.1,경북 영양군 북쪽 15km 지역
6/4/1996 1:14,2.6,39.3,126.3,북한 평안남도 성천 북동쪽 10km 지역
5/26/1996 19:58,3.5,36.4,125.5,충남 태안군 서격렬비열도 남쪽 22km 해역
5/26/1996 8:34,2.5,33.5,126,제주 제주시 서쪽 49km 해역
5/21/1996 17:15,3.1,38.8,125.6,북한 황해북도 송림 북북서쪽 8km 지역
5/16/1996 11:05,2.8,35.3,129.1,부산 금정구 북쪽 7km 지역
5/14/1996 13:36,2.1,36.5,127.5,충북 청원군 남쪽 15km 지역
5/13/1996 0:49,3,35.8,130.2,울산 동구 동북동쪽 78km 해역
5/7/1996 0:13,2.9,34.7,127.3,전남 고흥군 북쪽 10km 해역
5/6/1996 21:02,2.1,35.9,127.7,전북 무주군 남남동쪽 12km 지역
4/19/1996 2:39,2.8,36.3,127,충남 공주시 남서쪽 19km 지역
4/14/1996 5:22,3.1,35.9,127.9,경북 김천시 남서쪽 32km 지역
4/14/1996 2:20,2.3,35.8,127.9,경남 거창군 북쪽 13km 지역
3/20/1996 4:54,2.5,36.6,128.1,경북 상주시 북북서쪽 22km 지역
3/2/1996 21:42,2.2,36.4,127.8,충북 보은군 남남동쪽 11km 지역
2/27/1996 4:39,2.6,35.9,129.6,경북 포항시 남구 동남동쪽 24km 해역
2/9/1996 8:51,3.1,39.2,126.4,북한 평안남도 성천 동남동쪽 17km 지역
1/24/1996 5:09,4.2,37.9,129.6,강원 동해시 북동쪽 60km 해역
12/24/1995 3:47,3,35.3,124.6,전남 신안군 흑산면 북서쪽 107km 해역
12/22/1995 5:24,2.5,34.6,127.5,전남 고흥군 동쪽 20km 지역
12/21/1995 8:25,2.6,36.6,128.1,경북 상주시 북북서쪽 22km 지역
11/10/1995 14:03,3,38.9,125.8,북한 평양 남남동쪽 14km 지역
10/8/1995 8:33,3.5,35.6,129.7,울산 동구 동북동쪽 28km 해역
10/6/1995 21:07,3.7,37.5,129.8,강원 삼척시 동쪽 56km 해역
10/3/1995 14:05,2.9,36.9,129.2,경북 울진군 서남서쪽 21km 지역
9/17/1995 0:13,2.4,36.3,126.8,충남 부여군 서북서쪽 11km 지역
9/3/1995 22:38,2.4,33.5,126.9,제주 제주시 동쪽 34km 지역
8/24/1995 3:08,2.8,36.2,123.7,충남 태안군 서격렬비열도 서남서쪽 170km 해역
8/12/1995 3:17,3.6,38,124.6,인천 백령도 북서쪽 9km 해역
8/9/1995 15:42,2.9,37.9,124.6,인천 백령도 남서쪽 9km 해역
8/4/1995 10:15,2.8,36.3,123.7,충남 태안군 서격렬비열도 서남서쪽 167km 해역
7/24/1995 19:02,4.2,38.2,124.4,북한 인천 백령도 북서쪽 37km 해역
6/24/1995 21:49,2.2,37,129.3,경북 울진군 서쪽 9km 지역
6/24/1995 19:47,2.6,36.8,129.5,경북 울진군 남남동쪽 23km 해역
6/19/1995 18:09,3,36.4,128.2,경북 상주시 동남동쪽 4km 지역
6/5/1995 18:21,2.5,38.7,126.4,북한 황해북도 신계 북북서쪽 25km 지역
5/17/1995 1:43,2.9,37.6,124.3,인천 백령도 남서쪽 51km 해역
5/10/1995 8:46,3.4,39.3,126,북한 평안남도 평성 동북동쪽 14km 지역
4/30/1995 19:40,2.5,35.8,128.7,대구 수성구 남동쪽 9km 지역
4/28/1995 15:38,2.5,34.7,128.9,경남 통영시 매물도 동쪽 30km 해역
3/20/1995 1:01,2.5,35.7,131.1,울산 동구 동쪽 154km 해역
3/11/1995 9:30,3,38.7,125.6,북한 황해북도 송림 남서쪽 5km 지역
2/5/1995 12:59,2.6,39.6,126,북한 평안남도 개천 남동쪽 14km 지역
2/2/1995 15:56,2.5,38.9,126,북한 평양 동남동쪽 26km 지역
1/29/1995 17:02,2.4,38.9,126,북한 평양 동남동쪽 26km 지역
1/21/1995 7:39,3.3,34.2,125,전남 신안군 가거도 북서쪽 20km 해역
1/14/1995 6:43,3,37.9,124.5,인천 백령도 서남서쪽 17km 해역
12/26/1994 23:09,2.3,34.8,128.1,경남 남해군 동남동쪽 19km 해역
12/25/1994 2:41,2.4,35.3,126,전남 영광군 서쪽 47km 해역
12/19/1994 17:25,1.9,34.9,126.7,전남 영암군 북쪽 11km 지역
12/18/1994 3:23,2,36.4,128.1,경북 상주시 서쪽 5km 지역
12/15/1994 10:41,2.8,36.1,125.4,전북 군산시 어청도 서쪽 51km 해역
12/2/1994 0:42,3.6,37.9,123.8,인천 백령도 서쪽 77km 해역
11/1/1994 9:11,3.4,38.9,125.8,북한 평양 남남동쪽 14km 지역
10/14/1994 21:51,3.5,38.8,125.6,북한 황해북도 송림 북북서쪽 8km 지역
9/21/1994 3:35,3.2,36.4,128.9,경북 안동시 남동쪽 24km 지역
8/31/1994 0:07,2.8,37.4,124.8,인천 백령도 남쪽 62km 해역
8/24/1994 15:18,2.1,38.5,127.5,북한 평강 동북동쪽 21km 지역
7/26/1994 2:41,4.9,34.9,124.1,전남 신안군 흑산면 서북서쪽 128km 해역
4/23/1994 13:03,4.1,35.7,130.9,울산 동구 동쪽 136km 해역
4/23/1994 12:41,4.5,35.1,131.1,경남 울산 남동쪽 175km 해역
4/22/1994 2:05,4.6,34.9,131,경남 울산 남동쪽 175km 해역
4/12/1994 16:04,3.1,38.5,125.5,북한 황해남도 안악 남남동쪽 1km 지역
3/25/1994 6:03,2.3,36.3,128.2,경북 상주시 남남동쪽 13km 지역
3/4/1994 0:33,2.7,35.9,129.6,경북 포항시 남구 동남동쪽 24km 해역
3/3/1994 19:39,2.7,34.4,127.9,전남 여수시 남남동쪽 43km 해역
2/26/1994 4:52,2.5,35.6,127.9,경남 거창군 남쪽 9km 지역
2/24/1994 6:40,2.2,37.4,129.4,강원 삼척시 동남동쪽 21km 해역
2/12/1994 11:58,3.5,36.4,127.3,대전 유성구 북서쪽 7km 지역
2/2/1994 14:12,2,35.9,128.3,경북 성주군 남동쪽 2km 지역
1/24/1994 15:47,2.3,38.4,126.4,북한 황해북도 평산 북쪽 8km 지역
1/11/1994 8:09,3,36.3,123.9,충남 태안군 서격렬비열도 서남서쪽 150km 해역
12/30/1993 9:58,2.6,38.5,127.6,북한 강원 회양 남쪽 23km 지역
12/24/1993 8:13,3.1,35.9,129.1,경북 경주시 북서쪽 12km 지역
12/8/1993 11:43,3.4,39.6,125.9,북한 평안남도 개천 남쪽 11km 지역
8/26/1993 0:07,2.9,35.7,127.9,경남 거창군 북북서쪽 2km 지역
7/20/1993 4:52,1.9,37.1,129.2,강원 삼척시 남쪽 39km 지역
7/14/1993 11:48,2.6,38.8,125.7,북한 황해북도 송림 북동쪽 9km 지역
7/8/1993 11:10,3.6,35.2,128.4,경남 창원시 서쪽 26km 지역
6/12/1993 16:03,2.7,37.5,125.5,인천 옹진군 연평도 남서쪽 26km 해역
6/8/1993 17:42,2.2,38.7,126.7,북한 황해북도 신계 북북동쪽 27km 지역
5/2/1993 17:57,2.9,37.3,130.5,경북 울릉군 울릉도 서남서쪽 41km 해역
4/16/1993 18:32,2.2,36.5,128.3,경북 예천군 남서쪽 22km 지역
4/9/1993 2:28,2.2,36.6,126.9,충남 예산군 남동쪽 11km 지역
4/8/1993 12:01,2.9,34.9,130.6,울산 동구 동남동쪽 126km 해역
4/2/1993 1:20,2.2,35.2,128.3,경남 진주시 동쪽 20km 지역
3/28/1993 10:16,4.5,33.1,123.8,전남 신안군 흑산면 남서쪽 231km 해역
3/18/1993 0:36,2.8,36.4,130,경북 영덕군 동쪽 57km 해역
3/17/1993 0:36,2.6,36.6,129.9,경북 영덕군 동북동쪽 52km 해역
3/11/1993 6:55,2.8,37.5,124.8,인천 백령도 남남동쪽 51km 해역
3/1/1993 12:00,3.9,35.6,126.8,전북 정읍시 북서쪽 6km 지역
3/1/1993 11:59,3.3,35.6,126.9,전북 정읍시 북동쪽 5km 지역
2/25/1993 10:15,2.9,35.6,126.4,전북 고창군 북서쪽 33km 해역
2/8/1993 10:04,2.1,38.7,127.8,북한 강원 회양 동쪽 17km 지역
1/31/1993 15:31,3.1,41.1,125.7,북한 자강도 초산 북북서쪽 32km 지역
12/16/1992 10:28,2.1,38.1,128.3,강원 인제군 동북동쪽 12km 지역
12/13/1992 20:22,4,35.3,130.1,울산 동구 동남동쪽 66km 해역
11/25/1992 18:45,2.6,37.7,126.4,인천 강화군 서남서쪽 9km 지역
11/13/1992 2:47,3.4,38.4,125.3,북한 황해남도 안악 남서쪽 21km 지역
11/12/1992 8:02,3.8,38.5,125.4,북한 황해남도 안악 서쪽 8km 지역
11/11/1992 9:32,3.4,35.8,123.7,충남 태안군 서격렬비열도 서남서쪽 187km 해역
11/4/1992 2:30,4.4,34.7,122.8,전남 신안군 흑산면 서쪽 244km 해역
10/20/1992 10:34,2.6,36,128.2,경북 성주군 북서쪽 12km 지역
9/5/1992 0:22,2.7,37,126.8,경기 평택시 서쪽 28km 지역
7/19/1992 17:01,3.1,39.1,127.1,북한 강원 원산 서남서쪽 29km 지역
7/17/1992 8:16,2.5,37.1,126.1,충남 태안군 북북서쪽 44km 해역
5/4/1992 17:06,2.6,35.8,128.4,경북 고령군 북동쪽 15km 지역
4/9/1992 5:32,2.9,36.2,127.2,충남 논산시 동북동쪽 9km 지역
1/21/1992 3:36,4,35.4,129.9,울산 동구 동남동쪽 45km 해역
1/15/1992 21:26,2,36,127.3,전북 완주군 북동쪽 22km 지역
10/30/1991 0:57,2.2,38.5,127.2,북한 강원 평강 북서쪽 13km 지역
10/16/1991 4:59,2.8,35.6,129.6,울산 동구 동북동쪽 20km 해역
10/11/1991 7:20,3.2,36.8,129.3,경북 울진군 남남서쪽 23km 지역
8/10/1991 8:26,2.7,36.5,129.7,경북 영덕군 동북동쪽 31km 해역
7/23/1991 23:08,3.1,35.6,128,경남 합천군 서북서쪽 16km 지역
7/20/1991 12:25,3.1,35.3,127.9,경남 산청군 남쪽 13km 지역
6/18/1991 16:07,2.6,39.1,126.1,북한 평안남도 성천 남남서쪽 19km 지역
6/7/1991 15:25,2.7,35.8,128.8,경북 경산시 동남동쪽 6km 지역
5/23/1991 7:16,2.6,36.5,127.9,경북 상주시 서북서쪽 25km 지역
5/13/1991 10:58,2,35.3,126.7,전남 장성군 서쪽 8km 지역
5/13/1991 1:25,2.2,35.9,128.5,경북 칠곡군 남동쪽 13km 지역
4/27/1991 20:01,3,36.1,127.2,충남 논산시 남동쪽 13km 지역
4/14/1991 1:48,3.1,36.5,128.7,경북 안동시 남남서쪽 8km 지역
3/28/1991 3:31,2.7,37,126.4,충남 서산시 북쪽 25km 지역
2/2/1991 11:08,3.4,33.4,123.8,전남 신안군 흑산면 남서쪽 207km 해역
1/25/1991 3:57,2.8,37.3,129.8,경북 울진군 북동쪽 50km 해역
1/3/1991 14:39,3.4,37.6,124.7,인천 백령도 남쪽 39km 해역
1/3/1991 8:27,2.7,36.4,128.8,경북 의성군 동북동쪽 11km 지역
10/22/1990 18:09,3.4,35.9,130,경북 포항시 남구 동남동쪽 59km 해역
6/30/1990 10:45,2.5,36.5,126.7,충남 홍성군 남남동쪽 11km 지역
6/19/1990 13:28,2.6,37.8,123.7,인천 백령도 서남서쪽 88km 해역
6/14/1990 3:37,2.3,37.5,127.1,서울 송파구 남서쪽 2km 지역
6/2/1990 1:46,2.4,36.4,127.8,충북 보은군 남남동쪽 11km지역
3/11/1990 15:30,2.6,38.1,126.3,북한 황해북도 평산 남남서쪽 27km 지역
3/10/1990 16:59,2.7,38.2,126.3,북한 황해북도 평산 남남서쪽 17km 지역
3/4/1990 14:51,2.6,38.7,125.8,북한 황해북도 송림 동남동쪽 15km 지역
2/28/1990 15:01,3.1,38.3,126.3,북한 황해북도 평산 서남서쪽 9km 지역
2/28/1990 13:53,2.5,38,126.2,북한 개성 서쪽 32km 지역
2/22/1990 15:14,2.8,38.3,126.4,북한 황해북도 평산 남쪽 4km 지역
2/18/1990 21:29,3.3,38.2,123.9,북한 인천 백령도 서북서쪽 74km 해역
1/28/1990 15:01,2.7,38.3,126.2,북한 황해북도 평산 서남서쪽 17km 지역
1/10/1990 17:08,2.5,36.3,127.4,대전 중구 남서쪽 4km 지역
1/9/1990 13:53,2.9,36.6,125.6,충남 태안군 서격렬비열도 동쪽 6km 해역
12/29/1989 14:59,2.8,38.2,126.2,북한 황해북도 평산군 22km 지역
12/11/1989 15:18,2.8,38,125.9,북한 황해남도 해주 동남동쪽 17km 지역
6/23/1989 0:26,3.5,36.7,127.8,충북 괴산군 남쪽 12km 지역
6/20/1989 15:28,3.2,38.1,126.2,북한 황해북도 평산 남남서쪽 31km 지역
5/25/1989 14:58,3.1,38.6,126.3,북한 황해북도 신계 서북서쪽 23km 지역
5/22/1989 14:59,3.2,37.8,125.8,북한 인천 옹진군 연평도 북북동쪽 17km 해역
4/30/1989 15:27,3.4,36.3,127.3,대전 유성구 남서쪽 8km 지역
3/29/1989 15:00,3.1,37.9,125.9,북한 황해남도 해주 남동쪽 23km 지역
3/13/1989 16:03,3.4,38.2,125.5,북한 황해남도 해주 북서쪽 26km 지역
3/3/1989 15:15,3.4,38.1,124.9,북한 황해남도 장연군 남서쪽 24km 지역
1/5/1989 15:13,3.2,38.5,126.1,북한 황해북도 사리원 동쪽 30km 지역
12/2/1988 23:54,2.5,36.3,127.9,경북 상주시 서남서쪽 26km 지역
10/15/1988 17:26,3.4,38.4,126.2,북한 황해북도 평산 서북서쪽 18km 지역
5/3/1988 14:59,3.4,38.3,126.3,북한 황해북도 평산 서남서쪽 9km 지역
4/15/1988 15:44,3.7,40.4,127,북한 함경남도 장진 서쪽 20km 지역
1/24/1988 6:46,2.9,36.2,129.2,경북 포항시 북구 북서쪽 23km 지역
10/25/1987 13:23,3.7,37.5,130.1,경북 울릉군 울릉도 서쪽 71km 해역
10/6/1987 23:36,3.5,36.2,130.1,경북 포항시 북구 동북동쪽 68km 해역
10/6/1987 7:04,3.1,35.9,129.9,경북 포항시 남구 동남동쪽 50km 해역
9/25/1987 0:44,2.2,37.8,129.1,강원 강릉시 동북동쪽 19km 해역
6/13/1987 11:32,2.8,35.3,126.1,전남 영광군 서쪽 38km 해역
3/6/1987 7:10,4,38.7,125.5,북한 남포 남동쪽 8km 지역
8/11/1986 9:52,3.5,37.1,126,인천 옹진군 덕적도 남서쪽 18km 해역
7/11/1986 16:43,3.2,34.3,126.9,전남 완도군 동쪽 13km 해역
5/11/1986 4:03,3.1,36.6,125.9,충남 태안군 서격렬비열도 동쪽 33km 해역
5/2/1986 17:26,3,36.7,125.7,충남 태안군 서격렬비열도 북동쪽 19km 해역
5/2/1986 12:44,3.4,36.6,125.8,충남 태안군 서격렬비열도 동쪽 24km 해역
4/27/1986 9:03,3.3,36.5,125.6,충남 태안군 서격렬비열도 남남동쪽 13km 해역
4/26/1986 4:24,3.5,36.6,125.5,충남 태안군 서격렬비열도 서쪽 3km 해역
3/24/1986 10:58,2.6,38.8,125.9,북한 황해북도 송림 동북동쪽 24km 지역
3/20/1986 16:46,3.6,34.2,125.1,전남 신안군 가거도 북쪽 17km 해역
3/17/1986 11:52,3.2,35.9,129.5,경북 포항시 남구 남동쪽 17km 지역
3/4/1986 5:29,2.7,39.4,125.7,북한 평안남도 평성 북서쪽 23km 지역
2/9/1986 7:04,3.3,35.9,125.8,전북 군산시 어청도 남남서쪽 29km 해역
2/3/1986 16:38,2.8,35.7,126.9,전북 정읍시 북북동쪽 15km 지역
1/19/1986 11:20,3,33.5,126.4,제주 제주시 서쪽 12km 해역
12/22/1985 12:09,3,39.3,125.8,북한 평안남도 평성 북서쪽 8km 지역
12/10/1985 21:42,3.2,35.8,129.7,경북 포항시 남구 남동쪽 38km 해역
11/10/1985 17:23,3.1,39.8,125.8,북한 평안북도 영변 남쪽 1km 지역
11/2/1985 2:56,2.9,36.7,128.9,경북 안동시 북동쪽 21km 지역
8/8/1985 16:47,3.1,38.4,125.1,북한 황해남도 장연 북쪽 17km 지역
8/5/1985 19:24,2.8,39.4,125.9,북한 평안남도 평성 북쪽 18km 지역
7/18/1985 19:14,2.4,38.5,125.8,북한 황해북도 사리원 동쪽 3km 지역
6/26/1985 17:19,2.6,37.3,126.4,인천 옹진군 남서쪽 27km 해역
6/25/1985 11:13,3.8,36.9,129.7,경북 울진군 동남동쪽 28km 해역
6/25/1985 7:29,2.8,37.3,126.4,인천 옹진군 남서쪽 27km 해역
6/25/1985 6:40,4,37.3,126.4,인천 옹진군 남서쪽 27km 해역
6/20/1985 5:03,3.3,35.9,128.6,대구 북구 북동쪽 2km 지역
6/18/1985 13:43,2.8,38.5,125.8,북한 황해북도 사리원 동쪽 3km 지역
6/7/1985 12:59,3.1,39.4,125.9,북한 함경남도 북청 남남동쪽 106km 해역
5/27/1985 6:23,2.4,38.3,125.9,북한 황해북도 사리원 남남동쪽 26km 지역
5/22/1985 17:27,2.9,38.1,125.6,북한 황해남도 해주 북서쪽 12km 지역
5/13/1985 18:26,2.9,36.6,128.6,경북 안동시 서북서쪽 12km 지역
4/20/1985 21:36,3.4,41.6,127,북한 자강도 중강 남남동쪽 22km 지역
3/22/1985 16:01,2.7,38.4,125.1,북한 황해남도 장연 북쪽 17km 지역
1/15/1985 9:59,3.4,34.7,130,부산 해운대구 남동쪽 92km 해역
1/14/1985 12:44,4.2,34.6,129.9,부산 해운대구 남동쪽 91km 해역
11/16/1984 8:50,2.6,39.9,125.9,북한 평안북도 영변 북동쪽 13km 지역
11/9/1984 21:29,2.4,35.8,128.5,대구 달성군 서남서쪽 6km 지역
10/10/1984 16:30,2.9,38.9,125.9,북한 평양 남동쪽 19km 지역
8/5/1984 7:35,2.8,37.2,125,인천 옹진군 연평도 남서쪽 81km 해역
7/19/1984 13:57,3.9,36,125.2,전북 군산시 어청도 서남서쪽 70km 해역
6/25/1984 23:53,2.2,37,126.8,경기 평택시 서쪽 28km 지역
5/14/1984 11:39,2.6,35.2,126.7,광주 광산구 북서쪽 11km 지역
5/11/1984 15:00,3.2,38.6,125.1,북한 남포 서남서쪽 35km 지역
5/4/1984 22:05,2.6,35.1,126.7,전남 나주시 북쪽 10km 지역
5/4/1984 22:04,2.5,35.1,126.6,전남 함평군 동북동쪽 8km 지역
4/30/1984 11:59,3.1,39.3,125.7,북한 평안남도 평성 서북서쪽 15km 지역
4/10/1984 1:56,2.2,36.1,128.2,경북 김천시 동남동쪽 10km 지역
3/30/1984 13:30,2.6,39.1,125.9,북한 평안남도 평성 남남동쪽 16km 지역
3/21/1984 0:15,3.2,36.8,126.6,충남 서산시 동쪽 13km 지역
3/17/1984 13:00,3,39.5,126.1,북한 평안남도 개천 남동쪽 28km 지역
2/13/1984 11:31,3.2,37,125.5,충남 태안군 서격렬비열도 북쪽 45km 해역
1/30/1984 13:21,2.4,39.6,126.2,북한 평안남도 덕천 남남서쪽 19km 지역
1/28/1984 13:30,2.9,37.1,124.6,인천 백령도 남쪽 95km 해역
1/13/1984 17:06,3,37.4,129.5,강원 삼척시 동쪽 30km 해역
12/23/1983 22:40,3,36.5,128.1,경북 상주시 북북서쪽 12km 지역
12/21/1983 20:10,2.3,38.2,126.1,북한 황해북도 평산 서남서쪽 29km 지역
12/8/1983 3:04,2.5,36.9,125.6,충남 태안군 서격렬비열도 북쪽 34km 해역
10/11/1983 13:47,3.5,38.8,125.7,북한 황해북도 송림 북동쪽 9km 지역
10/8/1983 13:58,3.3,39.6,126.1,북한 평안남도 개천 동남동쪽 20km 지역
9/27/1983 13:07,2.9,38.9,124.9,북한 남포 서북서쪽 50km 해역
9/17/1983 12:17,4.2,38.3,126.1,북한 황해북도 평산 서쪽 26km 지역
8/21/1983 5:13,3.5,36.4,126,전북 군산시 어청도 북쪽 31km 해역
8/9/1983 13:00,2.8,39.5,125.9,북한 평안남도 개천 남쪽 22km 지역
6/21/1983 0:52,3,36.8,127.5,충북 진천군 남동쪽 8km 지역
6/8/1983 21:25,3.4,36.8,127.8,충북 괴산군 남동쪽 2km 지역
5/9/1983 18:59,3.2,38.9,126.3,북한 평안남도 성천 남남동쪽 39km 지역
2/28/1983 16:36,2.6,37.7,126.1,인천 강화군 서쪽 35km 해역
2/11/1983 4:53,2.6,38.6,126.5,북한 황해북도 신계 북북서쪽 12km 지역
2/8/1983 20:57,2.9,38,124.9,인천 백령도 동북동쪽 20km 해역
1/11/1983 1:15,3.4,38.7,125.6,북한 황해북도 송림 남서쪽 5km 지역
10/11/1982 17:32,3.1,36.4,129.6,경북 영덕군 동쪽 21km 해역
8/31/1982 20:49,3.2,37.1,126,인천 옹진군 덕적도 남서쪽 18km 해역
8/29/1982 15:34,3.5,37.1,126,인천 옹진군 덕적도 남서쪽 18km 해역
8/29/1982 15:29,3.3,37.1,125.9,인천 옹진군 덕적도 서남서쪽 25km 해역
8/29/1982 3:18,4,37.2,125.9,인천 옹진군 덕적도 서쪽 22km 해역
5/27/1982 19:21,3.5,38.6,125.8,북한 황해북도 사리원 북북동쪽 11km 지역
3/30/1982 6:13,3,36.4,127.6,충북 옥천군 북북동쪽 11km 지역
3/28/1982 1:04,3.6,37.6,125.3,인천 옹진군 연평도 서남서쪽 36km 해역
3/1/1982 0:28,4.7,37.2,129.8,경북 울진군 동북동쪽 42km 해역
2/25/1982 19:14,3.4,38.8,125.7,북한 황해북도 송림 북동쪽 9km 지역
2/24/1982 23:27,2.6,36.1,127.5,충남 금산군 남동쪽 1km 지역
2/14/1982 23:37,4.5,38.3,125.7,북한 황해북도 사리원 남남서쪽 24km 지역
2/12/1982 6:48,2.7,34.5,128.2,경남 통영시 남남서쪽 45km 해역
12/3/1981 12:25,3,38.9,125.9,북한 평양 남동쪽 19km 지역
10/10/1981 0:17,2.6,37.3,128.7,강원 정선군 남남동쪽 9km 지역
9/25/1981 3:18,3.4,39.7,125.5,북한 평안남도 안주 북서쪽 17km 지역
9/23/1981 8:13,3.5,36.9,126.3,충남 태안군 북쪽 17km 지역
9/6/1981 12:59,2.6,39.6,126.6,북한 함경남도 요덕 서남서쪽 22km 지역
8/27/1981 21:35,3.5,35.8,129.8,경북 포항시 남구 동남동쪽 46km 해역
6/14/1981 20:57,2.8,37.8,125.7,북한 황해남도 해주 남쪽 27km 해역
6/10/1981 12:59,3,39.5,125.8,북한 평안남도 안주 남동쪽 17km 지역
5/21/1981 18:09,3,38.7,126.1,북한 황해북도 사리원 북동쪽 37km 지역
5/19/1981 13:59,2.8,39.4,125.6,북한 평안남도 안주 남남서쪽 24km 지역
4/15/1981 11:47,4.8,35.9,130.1,경북 포항시 남구 동쪽 67km 해역
4/6/1981 18:42,3.7,38.9,125.4,북한 남포 북북서쪽 17km 지역
4/3/1981 18:39,2.6,36,128.9,경북 영천시 북서쪽 5km 지역
3/10/1981 15:24,3,38.9,125.7,북한 평양 남남서쪽 14km 지역
1/2/1981 19:08,3.5,39.7,124.8,북한 평안북도 철산 동남동쪽 14km 해역
12/29/1980 13:00,2.8,39.8,126.4,북한 평안남도 덕천 동북동쪽 10km 지역
12/24/1980 21:38,2.7,36,128.6,경북 칠곡군 동쪽 18km 지역
12/23/1980 7:04,2.5,38.2,129.4,강원 강릉시 북동쪽 67km 해역
12/6/1980 0:08,2.8,38.4,126.1,북한 황해북도 평산 서북서쪽 27km 지역
12/1/1980 20:46,3,40.7,127.2,북한 함경남도 장진 북쪽 35km 지역
12/1/1980 13:29,3.5,40.7,127.2,북한 함경남도 장진 북쪽 35km 지역
11/28/1980 14:27,2.7,38.8,125.6,북한 황해북도 송림 북북서쪽 8km 지역
11/28/1980 12:59,2.6,39.4,125.8,북한 평안남도 평성 북북서쪽 19km 지역
9/25/1980 13:00,2.6,39.5,126,북한 평안남도 개천 남남동쪽 24km 지역
8/23/1980 11:24,2.5,37.1,125.3,충남 태안군 서격렬비열도 북북서쪽 59km 해역
7/26/1980 5:59,3.5,38.8,125.7,북한 황해북도 송림 북동쪽 9km 지역
6/30/1980 23:00,3.6,34,126,전남 진도군 남남서쪽 59km 해역
6/30/1980 13:29,2.8,39.4,125.7,북한 평안남도 평성 북서쪽 23km 지역
5/15/1980 14:43,3.1,38.3,125.7,북한 황해북도 사리원 남남서쪽 24km 지역
1/8/1980 8:44,5.3,40.2,125,북한 평안북도 삭주 남남서쪽 20km 지역
12/25/1979 16:55,3.2,38.8,126.3,북한 황해북도 신계 북북서쪽 39km 지역
12/20/1979 15:07,3,36.2,127.3,충남 논산시 동쪽 18km 지역
12/19/1979 7:32,3.5,35.4,127.5,전북 남원시 동쪽 10km 지역
11/19/1979 4:13,3.2,35.9,126.1,전북 군산시 서쪽 56km 해역
10/27/1979 12:59,3.7,39.5,125.7,북한 평안남도 안주 남남동쪽 13km 지역
10/10/1979 6:59,3.1,38.9,125.7,북한 평양 남남서쪽 14km 지역
8/30/1979 0:39,3,38.3,127.9,강원 양구군 북북서쪽 23km 지역
8/24/1979 8:30,3.8,36.6,124,충남 태안군 서격렬비열도 서쪽 137km 해역
8/18/1979 16:34,2.4,37,126.4,충남 서산시 북쪽 25km 지역
8/14/1979 10:05,2.5,39.5,125.8,북한 평안남도 안주 남동쪽 17km 지역
8/13/1979 12:12,3.5,36.3,128.5,경북 군위군 북서쪽 10km 지역
4/24/1979 5:44,3,36.8,128.5,경북 영주시 서쪽 11km 지역
4/9/1979 8:49,3.3,39.7,125.7,북한 평안남도 안주 북북동쪽 10km 지역
3/12/1979 11:09,3.8,36.6,126.7,충남 홍성군 동쪽 3km 지역
2/24/1979 19:00,2.9,36.6,126.7,충남 홍성군 동쪽 3km 지역
2/24/1979 14:44,2.7,38.3,125.1,북한 황해남도 장연 북쪽 6km 지역
2/8/1979 8:52,4,36.6,126.7,충남 홍성군 동쪽 3km 지역
2/4/1979 9:29,3.7,38.4,125.7,북한 황해북도 사리원 남남서쪽 13km 지역
1/30/1979 0:33,3,36.1,128.3,경북 구미시 서남서쪽 5km 지역
1/29/1979 10:06,3.3,38.3,126,북한 황해북도 사리원 남동쪽 31km 지역
1/24/1979 0:40,3,35.7,126,전북 변산반도 서쪽 약 40km 해역
1/1/1979 0:11,2.9,36.6,126.7,충남 홍성군 동쪽 3km 지역
12/12/1978 21:58,3.3,35.9,126.3,전북 군산시 서남서쪽 38km 해역
12/4/1978 15:16,2.8,37.4,128.7,강원 정선군 북동쪽 4km 지역
11/23/1978 11:06,4.6,38.4,125.6,북한 황해남도 안악 남동쪽 15km 지역
10/7/1978 18:19,5,36.6,126.7,충남 홍성군 동쪽 3km 지역
9/16/1978 2:07,5.2,36.6,127.9,경북 상주시 북서쪽 32km 지역
8/30/1978 2:29,4.5,39.1,124.2,북한 평안북도 철산 남남서쪽 84km 해역
